gouvernorat,date,cas,retablis,deces
Ariana,2020-03-02,0.0,0.0,0.0
Ariana,2020-03-03,0.0,0.0,0.0
Ariana,2020-03-04,0.0,0.0,0.0
Ariana,2020-03-05,0.0,0.0,0.0
Ariana,2020-03-06,0.0,0.0,0.0
Ariana,2020-03-07,0.0,0.0,0.0
Ariana,2020-03-08,0.0,0.0,0.0
Ariana,2020-03-09,0.0,0.0,0.0
Ariana,2020-03-10,0.0,0.0,0.0
Ariana,2020-03-11,1.0,0.0,0.0
Ariana,2020-03-12,3.0,0.0,0.0
Ariana,2020-03-13,4.0,0.0,0.0
Ariana,2020-03-14,5.0,0.0,0.0
Ariana,2020-03-15,5.0,0.0,0.0
Ariana,2020-03-16,5.0,0.0,0.0
Ariana,2020-03-17,6.0,0.0,0.0
Ariana,2020-03-18,8.0,0.0,0.0
Ariana,2020-03-19,12.0,0.0,0.0
Ariana,2020-03-20,13.0,0.0,0.0
Ariana,2020-03-21,15.0,0.0,0.0
Ariana,2020-03-22,16.0,0.0,0.0
Ariana,2020-03-23,22.0,0.0,1.0
Ariana,2020-03-24,31.0,0.0,1.0
Ariana,2020-03-25,33.0,0.0,1.0
Ariana,2020-03-26,34.0,0.0,1.0
Ariana,2020-03-27,35.0,0.0,1.0
Ariana,2020-03-28,44.0,0.0,1.0
Ariana,2020-03-29,50.0,0.0,2.0
Ariana,2020-03-30,56.0,0.0,2.0
Ariana,2020-03-31,57.0,2.0,2.0
Ariana,2020-04-01,60.0,2.0,2.0
Ariana,2020-04-02,67.0,2.0,3.0
Ariana,2020-04-03,69.0,2.0,3.0
Ariana,2020-04-04,72.0,2.0,3.0
Ariana,2020-04-05,77.0,2.0,3.0
Ariana,2020-04-06,76.0,2.0,3.0
Ariana,2020-04-07,76.0,2.0,3.0
Ariana,2020-04-08,78.0,2.0,4.0
Ariana,2020-04-09,81.0,2.0,4.0
Ariana,2020-04-10,82.0,2.0,4.0
Ariana,2020-04-11,83.0,2.0,4.0
Ariana,2020-04-12,83.0,2.0,4.0
Ariana,2020-04-13,84.0,2.0,4.0
Ariana,2020-04-14,83.0,2.0,5.0
Ariana,2020-04-15,89.0,2.0,5.0
Ariana,2020-04-16,89.0,2.0,5.0
Ariana,2020-04-17,89.0,2.0,5.0
Ariana,2020-04-18,89.0,2.0,5.0
Ariana,2020-04-19,89.0,2.0,5.0
Ariana,2020-04-20,93.0,2.0,5.0
Ariana,2020-04-21,93.0,2.0,5.0
Ariana,2020-04-22,94.0,2.0,5.0
Ariana,2020-04-23,94.0,2.0,5.0
Ariana,2020-04-24,94.0,2.0,5.0
Ariana,2020-04-25,95.0,2.0,5.0
Ariana,2020-04-26,95.0,2.0,5.0
Ariana,2020-04-27,96.0,2.0,5.0
Ariana,2020-04-28,97.0,2.0,5.0
Ariana,2020-04-29,97.0,2.0,5.0
Ariana,2020-04-30,98.0,2.0,5.0
Ariana,2020-05-01,98.0,2.0,5.0
Ariana,2020-05-02,98.0,2.0,5.0
Ariana,2020-05-03,99.0,37.0,5.0
Ariana,2020-05-04,99.0,58.0,5.0
Ariana,2020-05-05,99.0,74.0,5.0
Ariana,2020-05-06,99.0,74.0,5.0
Ariana,2020-05-07,99.0,79.0,5.0
Ariana,2020-05-08,99.0,79.0,5.0
Ariana,2020-05-09,99.0,79.0,5.0
Ariana,2020-05-10,99.0,81.0,5.0
Ariana,2020-05-11,99.0,82.0,5.0
Ariana,2020-05-12,99.0,82.0,5.0
Ariana,2020-05-13,99.0,82.0,5.0
Ariana,2020-05-14,99.0,84.0,5.0
Beja,2020-03-02,0.0,0.0,0.0
Beja,2020-03-03,0.0,0.0,0.0
Beja,2020-03-04,0.0,0.0,0.0
Beja,2020-03-05,0.0,0.0,0.0
Beja,2020-03-06,0.0,0.0,0.0
Beja,2020-03-07,0.0,0.0,0.0
Beja,2020-03-08,0.0,0.0,0.0
Beja,2020-03-09,0.0,0.0,0.0
Beja,2020-03-10,0.0,0.0,0.0
Beja,2020-03-11,0.0,0.0,0.0
Beja,2020-03-12,0.0,0.0,0.0
Beja,2020-03-13,0.0,0.0,0.0
Beja,2020-03-14,0.0,0.0,0.0
Beja,2020-03-15,0.0,0.0,0.0
Beja,2020-03-16,0.0,0.0,0.0
Beja,2020-03-17,0.0,0.0,0.0
Beja,2020-03-18,0.0,0.0,0.0
Beja,2020-03-19,0.0,0.0,0.0
Beja,2020-03-20,0.0,0.0,0.0
Beja,2020-03-21,0.0,0.0,0.0
Beja,2020-03-22,0.0,0.0,0.0
Beja,2020-03-23,0.0,0.0,0.0
Beja,2020-03-24,0.0,0.0,0.0
Beja,2020-03-25,0.0,0.0,0.0
Beja,2020-03-26,0.0,0.0,0.0
Beja,2020-03-27,0.0,0.0,0.0
Beja,2020-03-28,0.0,0.0,0.0
Beja,2020-03-29,1.0,0.0,0.0
Beja,2020-03-30,1.0,0.0,0.0
Beja,2020-03-31,1.0,0.0,0.0
Beja,2020-04-01,1.0,0.0,0.0
Beja,2020-04-02,1.0,0.0,0.0
Beja,2020-04-03,1.0,0.0,0.0
Beja,2020-04-04,2.0,0.0,0.0
Beja,2020-04-05,2.0,0.0,0.0
Beja,2020-04-06,2.0,20.0,0.0
Beja,2020-04-07,2.0,20.0,0.0
Beja,2020-04-08,2.0,20.0,0.0
Beja,2020-04-09,3.0,20.0,0.0
Beja,2020-04-10,3.0,20.0,0.0
Beja,2020-04-11,3.0,20.0,0.0
Beja,2020-04-12,3.0,20.0,0.0
Beja,2020-04-13,3.0,20.0,0.0
Beja,2020-04-14,3.0,20.0,0.0
Beja,2020-04-15,3.0,20.0,0.0
Beja,2020-04-16,3.0,20.0,0.0
Beja,2020-04-17,3.0,20.0,0.0
Beja,2020-04-18,3.0,20.0,0.0
Beja,2020-04-19,3.0,20.0,0.0
Beja,2020-04-20,3.0,20.0,0.0
Beja,2020-04-21,3.0,20.0,0.0
Beja,2020-04-22,3.0,20.0,0.0
Beja,2020-04-23,3.0,20.0,0.0
Beja,2020-04-24,3.0,20.0,0.0
Beja,2020-04-25,3.0,20.0,0.0
Beja,2020-04-26,3.0,20.0,0.0
Beja,2020-04-27,3.0,20.0,0.0
Beja,2020-04-28,3.0,20.0,0.0
Beja,2020-04-29,3.0,20.0,0.0
Beja,2020-04-30,3.0,20.0,0.0
Beja,2020-05-01,3.0,20.0,0.0
Beja,2020-05-02,3.0,20.0,0.0
Beja,2020-05-03,3.0,2.0,0.0
Beja,2020-05-04,3.0,2.0,0.0
Beja,2020-05-05,3.0,3.0,0.0
Beja,2020-05-06,3.0,3.0,0.0
Beja,2020-05-07,3.0,3.0,0.0
Beja,2020-05-08,4.0,3.0,0.0
Beja,2020-05-09,4.0,3.0,0.0
Beja,2020-05-10,4.0,3.0,0.0
Beja,2020-05-11,4.0,4.0,0.0
Beja,2020-05-12,4.0,3.0,0.0
Beja,2020-05-13,4.0,3.0,0.0
Beja,2020-05-14,4.0,3.0,0.0
Ben Arous,2020-03-02,0.0,0.0,0.0
Ben Arous,2020-03-03,0.0,0.0,0.0
Ben Arous,2020-03-04,0.0,0.0,0.0
Ben Arous,2020-03-05,0.0,0.0,0.0
Ben Arous,2020-03-06,0.0,0.0,0.0
Ben Arous,2020-03-07,0.0,0.0,0.0
Ben Arous,2020-03-08,0.0,0.0,0.0
Ben Arous,2020-03-09,0.0,0.0,0.0
Ben Arous,2020-03-10,0.0,0.0,0.0
Ben Arous,2020-03-11,0.0,0.0,0.0
Ben Arous,2020-03-12,0.0,0.0,0.0
Ben Arous,2020-03-13,0.0,0.0,0.0
Ben Arous,2020-03-14,0.0,0.0,0.0
Ben Arous,2020-03-15,0.0,0.0,0.0
Ben Arous,2020-03-16,0.0,0.0,0.0
Ben Arous,2020-03-17,0.0,0.0,0.0
Ben Arous,2020-03-18,1.0,0.0,0.0
Ben Arous,2020-03-19,2.0,0.0,0.0
Ben Arous,2020-03-20,4.0,0.0,0.0
Ben Arous,2020-03-21,5.0,0.0,0.0
Ben Arous,2020-03-22,8.0,0.0,0.0
Ben Arous,2020-03-23,12.0,0.0,0.0
Ben Arous,2020-03-24,17.0,0.0,0.0
Ben Arous,2020-03-25,17.0,0.0,0.0
Ben Arous,2020-03-26,23.0,0.0,0.0
Ben Arous,2020-03-27,26.0,0.0,0.0
Ben Arous,2020-03-28,29.0,0.0,0.0
Ben Arous,2020-03-29,34.0,0.0,0.0
Ben Arous,2020-03-30,41.0,0.0,0.0
Ben Arous,2020-03-31,43.0,0.0,0.0
Ben Arous,2020-04-01,45.0,0.0,0.0
Ben Arous,2020-04-02,49.0,0.0,0.0
Ben Arous,2020-04-03,54.0,0.0,0.0
Ben Arous,2020-04-04,56.0,0.0,1.0
Ben Arous,2020-04-05,57.0,0.0,1.0
Ben Arous,2020-04-06,61.0,0.0,1.0
Ben Arous,2020-04-07,62.0,0.0,1.0
Ben Arous,2020-04-08,63.0,0.0,1.0
Ben Arous,2020-04-09,65.0,0.0,1.0
Ben Arous,2020-04-10,66.0,0.0,1.0
Ben Arous,2020-04-11,71.0,0.0,2.0
Ben Arous,2020-04-12,74.0,0.0,2.0
Ben Arous,2020-04-13,79.0,0.0,2.0
Ben Arous,2020-04-14,81.0,0.0,2.0
Ben Arous,2020-04-15,81.0,0.0,3.0
Ben Arous,2020-04-16,87.0,0.0,3.0
Ben Arous,2020-04-17,87.0,0.0,3.0
Ben Arous,2020-04-18,87.0,0.0,3.0
Ben Arous,2020-04-19,87.0,0.0,3.0
Ben Arous,2020-04-20,91.0,0.0,3.0
Ben Arous,2020-04-21,91.0,0.0,3.0
Ben Arous,2020-04-22,91.0,0.0,3.0
Ben Arous,2020-04-23,91.0,0.0,3.0
Ben Arous,2020-04-24,92.0,0.0,3.0
Ben Arous,2020-04-25,92.0,0.0,3.0
Ben Arous,2020-04-26,93.0,0.0,4.0
Ben Arous,2020-04-27,93.0,0.0,4.0
Ben Arous,2020-04-28,94.0,0.0,4.0
Ben Arous,2020-04-29,94.0,0.0,4.0
Ben Arous,2020-04-30,94.0,0.0,4.0
Ben Arous,2020-05-01,96.0,0.0,4.0
Ben Arous,2020-05-02,96.0,0.0,4.0
Ben Arous,2020-05-03,97.0,35.0,4.0
Ben Arous,2020-05-04,97.0,35.0,4.0
Ben Arous,2020-05-05,97.0,62.0,4.0
Ben Arous,2020-05-06,97.0,62.0,4.0
Ben Arous,2020-05-07,97.0,71.0,4.0
Ben Arous,2020-05-08,97.0,73.0,4.0
Ben Arous,2020-05-09,97.0,74.0,4.0
Ben Arous,2020-05-10,97.0,78.0,4.0
Ben Arous,2020-05-11,97.0,78.0,4.0
Ben Arous,2020-05-12,97.0,80.0,4.0
Ben Arous,2020-05-13,97.0,81.0,4.0
Ben Arous,2020-05-14,97.0,83.0,4.0
Bizerte,2020-03-02,0.0,0.0,0.0
Bizerte,2020-03-03,0.0,0.0,0.0
Bizerte,2020-03-04,0.0,0.0,0.0
Bizerte,2020-03-05,0.0,0.0,0.0
Bizerte,2020-03-06,0.0,0.0,0.0
Bizerte,2020-03-07,0.0,0.0,0.0
Bizerte,2020-03-08,0.0,0.0,0.0
Bizerte,2020-03-09,1.0,0.0,0.0
Bizerte,2020-03-10,1.0,0.0,0.0
Bizerte,2020-03-11,1.0,0.0,0.0
Bizerte,2020-03-12,1.0,0.0,0.0
Bizerte,2020-03-13,2.0,0.0,0.0
Bizerte,2020-03-14,2.0,0.0,0.0
Bizerte,2020-03-15,2.0,0.0,0.0
Bizerte,2020-03-16,2.0,0.0,0.0
Bizerte,2020-03-17,2.0,0.0,0.0
Bizerte,2020-03-18,2.0,0.0,0.0
Bizerte,2020-03-19,2.0,0.0,0.0
Bizerte,2020-03-20,2.0,0.0,0.0
Bizerte,2020-03-21,2.0,0.0,0.0
Bizerte,2020-03-22,2.0,0.0,0.0
Bizerte,2020-03-23,3.0,0.0,0.0
Bizerte,2020-03-24,4.0,0.0,0.0
Bizerte,2020-03-25,4.0,0.0,0.0
Bizerte,2020-03-26,11.0,0.0,0.0
Bizerte,2020-03-27,11.0,0.0,0.0
Bizerte,2020-03-28,12.0,0.0,1.0
Bizerte,2020-03-29,12.0,0.0,1.0
Bizerte,2020-03-30,13.0,0.0,1.0
Bizerte,2020-03-31,15.0,0.0,1.0
Bizerte,2020-04-01,15.0,0.0,1.0
Bizerte,2020-04-02,15.0,0.0,1.0
Bizerte,2020-04-03,15.0,0.0,1.0
Bizerte,2020-04-04,16.0,0.0,1.0
Bizerte,2020-04-05,16.0,0.0,1.0
Bizerte,2020-04-06,16.0,0.0,2.0
Bizerte,2020-04-07,16.0,0.0,2.0
Bizerte,2020-04-08,16.0,0.0,2.0
Bizerte,2020-04-09,17.0,0.0,2.0
Bizerte,2020-04-10,17.0,0.0,1.0
Bizerte,2020-04-11,17.0,0.0,1.0
Bizerte,2020-04-12,17.0,0.0,1.0
Bizerte,2020-04-13,17.0,0.0,1.0
Bizerte,2020-04-14,18.0,0.0,1.0
Bizerte,2020-04-15,18.0,0.0,1.0
Bizerte,2020-04-16,18.0,0.0,1.0
Bizerte,2020-04-17,18.0,0.0,1.0
Bizerte,2020-04-18,18.0,0.0,1.0
Bizerte,2020-04-19,18.0,0.0,1.0
Bizerte,2020-04-20,19.0,0.0,1.0
Bizerte,2020-04-21,19.0,0.0,1.0
Bizerte,2020-04-22,19.0,0.0,1.0
Bizerte,2020-04-23,19.0,0.0,1.0
Bizerte,2020-04-24,19.0,0.0,1.0
Bizerte,2020-04-25,21.0,0.0,1.0
Bizerte,2020-04-26,22.0,0.0,1.0
Bizerte,2020-04-27,25.0,0.0,1.0
Bizerte,2020-04-28,25.0,0.0,1.0
Bizerte,2020-04-29,25.0,0.0,1.0
Bizerte,2020-04-30,25.0,0.0,1.0
Bizerte,2020-05-01,25.0,0.0,1.0
Bizerte,2020-05-02,25.0,0.0,1.0
Bizerte,2020-05-03,25.0,11.0,1.0
Bizerte,2020-05-04,25.0,12.0,1.0
Bizerte,2020-05-05,25.0,13.0,1.0
Bizerte,2020-05-06,25.0,14.0,1.0
Bizerte,2020-05-07,25.0,14.0,1.0
Bizerte,2020-05-08,25.0,14.0,1.0
Bizerte,2020-05-09,25.0,14.0,1.0
Bizerte,2020-05-10,25.0,16.0,1.0
Bizerte,2020-05-11,25.0,18.0,1.0
Bizerte,2020-05-12,25.0,18.0,1.0
Bizerte,2020-05-13,25.0,19.0,1.0
Bizerte,2020-05-14,25.0,19.0,1.0
Gabes,2020-03-02,0.0,0.0,0.0
Gabes,2020-03-03,0.0,0.0,0.0
Gabes,2020-03-04,0.0,0.0,0.0
Gabes,2020-03-05,0.0,0.0,0.0
Gabes,2020-03-06,0.0,0.0,0.0
Gabes,2020-03-07,0.0,0.0,0.0
Gabes,2020-03-08,0.0,0.0,0.0
Gabes,2020-03-09,0.0,0.0,0.0
Gabes,2020-03-10,0.0,0.0,0.0
Gabes,2020-03-11,0.0,0.0,0.0
Gabes,2020-03-12,0.0,0.0,0.0
Gabes,2020-03-13,0.0,0.0,0.0
Gabes,2020-03-14,0.0,0.0,0.0
Gabes,2020-03-15,0.0,0.0,0.0
Gabes,2020-03-16,0.0,0.0,0.0
Gabes,2020-03-17,0.0,0.0,0.0
Gabes,2020-03-18,0.0,0.0,0.0
Gabes,2020-03-19,0.0,0.0,0.0
Gabes,2020-03-20,0.0,0.0,0.0
Gabes,2020-03-21,1.0,0.0,0.0
Gabes,2020-03-22,1.0,0.0,0.0
Gabes,2020-03-23,1.0,0.0,0.0
Gabes,2020-03-24,4.0,0.0,0.0
Gabes,2020-03-25,4.0,0.0,0.0
Gabes,2020-03-26,4.0,0.0,0.0
Gabes,2020-03-27,4.0,0.0,0.0
Gabes,2020-03-28,4.0,0.0,0.0
Gabes,2020-03-29,5.0,0.0,0.0
Gabes,2020-03-30,5.0,0.0,0.0
Gabes,2020-03-31,5.0,0.0,0.0
Gabes,2020-04-01,5.0,0.0,0.0
Gabes,2020-04-02,7.0,0.0,0.0
Gabes,2020-04-03,7.0,0.0,0.0
Gabes,2020-04-04,7.0,0.0,0.0
Gabes,2020-04-05,9.0,0.0,0.0
Gabes,2020-04-06,9.0,0.0,0.0
Gabes,2020-04-07,9.0,0.0,0.0
Gabes,2020-04-08,12.0,0.0,0.0
Gabes,2020-04-09,12.0,0.0,0.0
Gabes,2020-04-10,12.0,0.0,0.0
Gabes,2020-04-11,13.0,0.0,0.0
Gabes,2020-04-12,15.0,0.0,0.0
Gabes,2020-04-13,15.0,0.0,0.0
Gabes,2020-04-14,15.0,0.0,0.0
Gabes,2020-04-15,15.0,0.0,0.0
Gabes,2020-04-16,20.0,0.0,0.0
Gabes,2020-04-17,20.0,0.0,0.0
Gabes,2020-04-18,21.0,0.0,0.0
Gabes,2020-04-19,21.0,0.0,0.0
Gabes,2020-04-20,22.0,0.0,0.0
Gabes,2020-04-21,22.0,0.0,0.0
Gabes,2020-04-22,22.0,0.0,0.0
Gabes,2020-04-23,22.0,0.0,0.0
Gabes,2020-04-24,22.0,0.0,0.0
Gabes,2020-04-25,22.0,0.0,0.0
Gabes,2020-04-26,22.0,0.0,0.0
Gabes,2020-04-27,23.0,0.0,0.0
Gabes,2020-04-28,23.0,0.0,0.0
Gabes,2020-04-29,23.0,0.0,0.0
Gabes,2020-04-30,23.0,0.0,0.0
Gabes,2020-05-01,23.0,0.0,0.0
Gabes,2020-05-02,23.0,0.0,0.0
Gabes,2020-05-03,23.0,9.0,0.0
Gabes,2020-05-04,23.0,12.0,0.0
Gabes,2020-05-05,23.0,12.0,0.0
Gabes,2020-05-06,23.0,14.0,0.0
Gabes,2020-05-07,23.0,14.0,0.0
Gabes,2020-05-08,23.0,15.0,0.0
Gabes,2020-05-09,23.0,15.0,0.0
Gabes,2020-05-10,23.0,15.0,0.0
Gabes,2020-05-11,23.0,15.0,0.0
Gabes,2020-05-12,23.0,16.0,0.0
Gabes,2020-05-13,23.0,16.0,0.0
Gabes,2020-05-14,23.0,16.0,0.0
Gafsa,2020-03-02,1.0,1.0,0.0
Gafsa,2020-03-03,1.0,1.0,0.0
Gafsa,2020-03-04,1.0,1.0,0.0
Gafsa,2020-03-05,1.0,1.0,0.0
Gafsa,2020-03-06,1.0,1.0,0.0
Gafsa,2020-03-07,1.0,1.0,0.0
Gafsa,2020-03-08,1.0,1.0,0.0
Gafsa,2020-03-09,1.0,1.0,0.0
Gafsa,2020-03-10,1.0,1.0,0.0
Gafsa,2020-03-11,1.0,1.0,0.0
Gafsa,2020-03-12,1.0,1.0,0.0
Gafsa,2020-03-13,1.0,1.0,0.0
Gafsa,2020-03-14,1.0,1.0,0.0
Gafsa,2020-03-15,1.0,1.0,0.0
Gafsa,2020-03-16,1.0,1.0,0.0
Gafsa,2020-03-17,1.0,1.0,0.0
Gafsa,2020-03-18,1.0,1.0,0.0
Gafsa,2020-03-19,1.0,1.0,0.0
Gafsa,2020-03-20,1.0,1.0,0.0
Gafsa,2020-03-21,1.0,1.0,0.0
Gafsa,2020-03-22,1.0,1.0,0.0
Gafsa,2020-03-23,1.0,1.0,0.0
Gafsa,2020-03-24,1.0,1.0,0.0
Gafsa,2020-03-25,1.0,1.0,0.0
Gafsa,2020-03-26,1.0,1.0,0.0
Gafsa,2020-03-27,1.0,1.0,0.0
Gafsa,2020-03-28,1.0,1.0,0.0
Gafsa,2020-03-29,1.0,1.0,0.0
Gafsa,2020-03-30,1.0,1.0,0.0
Gafsa,2020-03-31,5.0,1.0,0.0
Gafsa,2020-04-01,5.0,1.0,0.0
Gafsa,2020-04-02,5.0,1.0,0.0
Gafsa,2020-04-03,10.0,1.0,0.0
Gafsa,2020-04-04,10.0,1.0,0.0
Gafsa,2020-04-05,10.0,1.0,0.0
Gafsa,2020-04-06,11.0,1.0,0.0
Gafsa,2020-04-07,11.0,1.0,0.0
Gafsa,2020-04-08,13.0,1.0,0.0
Gafsa,2020-04-09,13.0,1.0,0.0
Gafsa,2020-04-10,16.0,1.0,0.0
Gafsa,2020-04-11,18.0,1.0,0.0
Gafsa,2020-04-12,18.0,1.0,0.0
Gafsa,2020-04-13,23.0,1.0,0.0
Gafsa,2020-04-14,23.0,1.0,0.0
Gafsa,2020-04-15,32.0,1.0,0.0
Gafsa,2020-04-16,32.0,1.0,0.0
Gafsa,2020-04-17,32.0,1.0,0.0
Gafsa,2020-04-18,32.0,1.0,0.0
Gafsa,2020-04-19,32.0,1.0,0.0
Gafsa,2020-04-20,33.0,1.0,0.0
Gafsa,2020-04-21,33.0,1.0,0.0
Gafsa,2020-04-22,38.0,1.0,0.0
Gafsa,2020-04-23,38.0,1.0,0.0
Gafsa,2020-04-24,38.0,1.0,0.0
Gafsa,2020-04-25,38.0,1.0,0.0
Gafsa,2020-04-26,43.0,1.0,0.0
Gafsa,2020-04-27,43.0,1.0,0.0
Gafsa,2020-04-28,44.0,1.0,0.0
Gafsa,2020-04-29,44.0,1.0,0.0
Gafsa,2020-04-30,44.0,1.0,0.0
Gafsa,2020-05-01,44.0,1.0,0.0
Gafsa,2020-05-02,44.0,1.0,0.0
Gafsa,2020-05-03,44.0,7.0,0.0
Gafsa,2020-05-04,45.0,8.0,0.0
Gafsa,2020-05-05,42.0,19.0,0.0
Gafsa,2020-05-06,42.0,18.0,0.0
Gafsa,2020-05-07,44.0,18.0,0.0
Gafsa,2020-05-08,45.0,18.0,0.0
Gafsa,2020-05-09,45.0,21.0,0.0
Gafsa,2020-05-10,45.0,22.0,0.0
Gafsa,2020-05-11,45.0,22.0,0.0
Gafsa,2020-05-12,45.0,23.0,0.0
Gafsa,2020-05-13,45.0,23.0,0.0
Gafsa,2020-05-14,47.0,29.0,0.0
Jendouba,2020-03-02,0.0,0.0,0.0
Jendouba,2020-03-03,0.0,0.0,0.0
Jendouba,2020-03-04,0.0,0.0,0.0
Jendouba,2020-03-05,0.0,0.0,0.0
Jendouba,2020-03-06,0.0,0.0,0.0
Jendouba,2020-03-07,0.0,0.0,0.0
Jendouba,2020-03-08,0.0,0.0,0.0
Jendouba,2020-03-09,0.0,0.0,0.0
Jendouba,2020-03-10,0.0,0.0,0.0
Jendouba,2020-03-11,0.0,0.0,0.0
Jendouba,2020-03-12,0.0,0.0,0.0
Jendouba,2020-03-13,0.0,0.0,0.0
Jendouba,2020-03-14,0.0,0.0,0.0
Jendouba,2020-03-15,0.0,0.0,0.0
Jendouba,2020-03-16,0.0,0.0,0.0
Jendouba,2020-03-17,0.0,0.0,0.0
Jendouba,2020-03-18,0.0,0.0,0.0
Jendouba,2020-03-19,0.0,0.0,0.0
Jendouba,2020-03-20,0.0,0.0,0.0
Jendouba,2020-03-21,0.0,0.0,0.0
Jendouba,2020-03-22,0.0,0.0,0.0
Jendouba,2020-03-23,0.0,0.0,0.0
Jendouba,2020-03-24,0.0,0.0,0.0
Jendouba,2020-03-25,0.0,0.0,0.0
Jendouba,2020-03-26,0.0,0.0,0.0
Jendouba,2020-03-27,0.0,0.0,0.0
Jendouba,2020-03-28,0.0,0.0,0.0
Jendouba,2020-03-29,0.0,0.0,0.0
Jendouba,2020-03-30,0.0,0.0,0.0
Jendouba,2020-03-31,0.0,0.0,0.0
Jendouba,2020-04-01,0.0,0.0,0.0
Jendouba,2020-04-02,0.0,0.0,0.0
Jendouba,2020-04-03,0.0,0.0,0.0
Jendouba,2020-04-04,0.0,0.0,0.0
Jendouba,2020-04-05,0.0,0.0,0.0
Jendouba,2020-04-06,0.0,0.0,0.0
Jendouba,2020-04-07,0.0,0.0,0.0
Jendouba,2020-04-08,0.0,0.0,0.0
Jendouba,2020-04-09,0.0,0.0,0.0
Jendouba,2020-04-10,0.0,0.0,0.0
Jendouba,2020-04-11,1.0,0.0,0.0
Jendouba,2020-04-12,1.0,0.0,0.0
Jendouba,2020-04-13,1.0,0.0,0.0
Jendouba,2020-04-14,1.0,0.0,0.0
Jendouba,2020-04-15,1.0,0.0,0.0
Jendouba,2020-04-16,1.0,0.0,0.0
Jendouba,2020-04-17,1.0,0.0,0.0
Jendouba,2020-04-18,1.0,0.0,0.0
Jendouba,2020-04-19,1.0,0.0,0.0
Jendouba,2020-04-20,1.0,0.0,0.0
Jendouba,2020-04-21,1.0,0.0,0.0
Jendouba,2020-04-22,1.0,0.0,0.0
Jendouba,2020-04-23,1.0,0.0,0.0
Jendouba,2020-04-24,1.0,0.0,0.0
Jendouba,2020-04-25,1.0,0.0,0.0
Jendouba,2020-04-26,1.0,0.0,0.0
Jendouba,2020-04-27,1.0,0.0,0.0
Jendouba,2020-04-28,1.0,0.0,0.0
Jendouba,2020-04-29,1.0,0.0,0.0
Jendouba,2020-04-30,1.0,0.0,0.0
Jendouba,2020-05-01,1.0,0.0,0.0
Jendouba,2020-05-02,1.0,0.0,0.0
Jendouba,2020-05-03,1.0,0.0,0.0
Jendouba,2020-05-04,1.0,0.0,0.0
Jendouba,2020-05-05,1.0,1.0,0.0
Jendouba,2020-05-06,1.0,1.0,0.0
Jendouba,2020-05-07,1.0,1.0,0.0
Jendouba,2020-05-08,1.0,1.0,0.0
Jendouba,2020-05-09,1.0,1.0,0.0
Jendouba,2020-05-10,1.0,1.0,0.0
Jendouba,2020-05-11,1.0,1.0,0.0
Jendouba,2020-05-12,1.0,1.0,0.0
Jendouba,2020-05-13,1.0,1.0,0.0
Jendouba,2020-05-14,1.0,1.0,0.0
Kairouan,2020-03-02,0.0,0.0,0.0
Kairouan,2020-03-03,0.0,0.0,0.0
Kairouan,2020-03-04,0.0,0.0,0.0
Kairouan,2020-03-05,0.0,0.0,0.0
Kairouan,2020-03-06,0.0,0.0,0.0
Kairouan,2020-03-07,0.0,0.0,0.0
Kairouan,2020-03-08,0.0,0.0,0.0
Kairouan,2020-03-09,0.0,0.0,0.0
Kairouan,2020-03-10,0.0,0.0,0.0
Kairouan,2020-03-11,0.0,0.0,0.0
Kairouan,2020-03-12,0.0,0.0,0.0
Kairouan,2020-03-13,0.0,0.0,0.0
Kairouan,2020-03-14,0.0,0.0,0.0
Kairouan,2020-03-15,1.0,0.0,0.0
Kairouan,2020-03-16,1.0,0.0,0.0
Kairouan,2020-03-17,2.0,0.0,0.0
Kairouan,2020-03-18,2.0,0.0,0.0
Kairouan,2020-03-19,2.0,0.0,0.0
Kairouan,2020-03-20,2.0,0.0,0.0
Kairouan,2020-03-21,2.0,0.0,0.0
Kairouan,2020-03-22,2.0,0.0,0.0
Kairouan,2020-03-23,2.0,0.0,0.0
Kairouan,2020-03-24,2.0,0.0,0.0
Kairouan,2020-03-25,2.0,0.0,0.0
Kairouan,2020-03-26,2.0,0.0,0.0
Kairouan,2020-03-27,2.0,0.0,0.0
Kairouan,2020-03-28,2.0,0.0,0.0
Kairouan,2020-03-29,2.0,0.0,0.0
Kairouan,2020-03-30,2.0,0.0,0.0
Kairouan,2020-03-31,2.0,0.0,0.0
Kairouan,2020-04-01,4.0,0.0,0.0
Kairouan,2020-04-02,4.0,0.0,0.0
Kairouan,2020-04-03,4.0,0.0,0.0
Kairouan,2020-04-04,5.0,0.0,0.0
Kairouan,2020-04-05,5.0,0.0,0.0
Kairouan,2020-04-06,5.0,0.0,0.0
Kairouan,2020-04-07,5.0,0.0,0.0
Kairouan,2020-04-08,5.0,0.0,0.0
Kairouan,2020-04-09,6.0,0.0,0.0
Kairouan,2020-04-10,6.0,0.0,0.0
Kairouan,2020-04-11,6.0,0.0,0.0
Kairouan,2020-04-12,6.0,0.0,0.0
Kairouan,2020-04-13,6.0,0.0,0.0
Kairouan,2020-04-14,6.0,0.0,0.0
Kairouan,2020-04-15,6.0,0.0,0.0
Kairouan,2020-04-16,6.0,0.0,0.0
Kairouan,2020-04-17,6.0,0.0,0.0
Kairouan,2020-04-18,6.0,0.0,0.0
Kairouan,2020-04-19,6.0,0.0,0.0
Kairouan,2020-04-20,6.0,0.0,0.0
Kairouan,2020-04-21,6.0,0.0,0.0
Kairouan,2020-04-22,6.0,0.0,0.0
Kairouan,2020-04-23,6.0,0.0,0.0
Kairouan,2020-04-24,6.0,0.0,0.0
Kairouan,2020-04-25,6.0,0.0,0.0
Kairouan,2020-04-26,6.0,0.0,0.0
Kairouan,2020-04-27,6.0,0.0,0.0
Kairouan,2020-04-28,6.0,0.0,0.0
Kairouan,2020-04-29,6.0,0.0,0.0
Kairouan,2020-04-30,7.0,0.0,0.0
Kairouan,2020-05-01,8.0,0.0,0.0
Kairouan,2020-05-02,8.0,0.0,0.0
Kairouan,2020-05-03,8.0,3.0,0.0
Kairouan,2020-05-04,8.0,3.0,0.0
Kairouan,2020-05-05,8.0,3.0,0.0
Kairouan,2020-05-06,8.0,3.0,0.0
Kairouan,2020-05-07,8.0,3.0,0.0
Kairouan,2020-05-08,8.0,3.0,0.0
Kairouan,2020-05-09,8.0,4.0,0.0
Kairouan,2020-05-10,8.0,4.0,0.0
Kairouan,2020-05-11,8.0,4.0,0.0
Kairouan,2020-05-12,8.0,4.0,0.0
Kairouan,2020-05-13,8.0,4.0,0.0
Kairouan,2020-05-14,8.0,4.0,0.0
Kasserine,2020-03-02,0.0,0.0,0.0
Kasserine,2020-03-03,0.0,0.0,0.0
Kasserine,2020-03-04,0.0,0.0,0.0
Kasserine,2020-03-05,0.0,0.0,0.0
Kasserine,2020-03-06,0.0,0.0,0.0
Kasserine,2020-03-07,0.0,0.0,0.0
Kasserine,2020-03-08,0.0,0.0,0.0
Kasserine,2020-03-09,0.0,0.0,0.0
Kasserine,2020-03-10,0.0,0.0,0.0
Kasserine,2020-03-11,0.0,0.0,0.0
Kasserine,2020-03-12,0.0,0.0,0.0
Kasserine,2020-03-13,0.0,0.0,0.0
Kasserine,2020-03-14,0.0,0.0,0.0
Kasserine,2020-03-15,0.0,0.0,0.0
Kasserine,2020-03-16,0.0,0.0,0.0
Kasserine,2020-03-17,0.0,0.0,0.0
Kasserine,2020-03-18,0.0,0.0,0.0
Kasserine,2020-03-19,0.0,0.0,0.0
Kasserine,2020-03-20,0.0,0.0,0.0
Kasserine,2020-03-21,0.0,0.0,0.0
Kasserine,2020-03-22,0.0,0.0,0.0
Kasserine,2020-03-23,0.0,0.0,0.0
Kasserine,2020-03-24,0.0,0.0,0.0
Kasserine,2020-03-25,0.0,0.0,0.0
Kasserine,2020-03-26,0.0,0.0,0.0
Kasserine,2020-03-27,1.0,0.0,0.0
Kasserine,2020-03-28,1.0,0.0,0.0
Kasserine,2020-03-29,1.0,0.0,0.0
Kasserine,2020-03-30,2.0,0.0,0.0
Kasserine,2020-03-31,2.0,0.0,0.0
Kasserine,2020-04-01,2.0,0.0,0.0
Kasserine,2020-04-02,2.0,0.0,0.0
Kasserine,2020-04-03,2.0,0.0,0.0
Kasserine,2020-04-04,2.0,0.0,0.0
Kasserine,2020-04-05,2.0,0.0,0.0
Kasserine,2020-04-06,2.0,0.0,0.0
Kasserine,2020-04-07,2.0,0.0,0.0
Kasserine,2020-04-08,2.0,0.0,0.0
Kasserine,2020-04-09,2.0,0.0,0.0
Kasserine,2020-04-10,2.0,0.0,0.0
Kasserine,2020-04-11,2.0,0.0,0.0
Kasserine,2020-04-12,2.0,0.0,0.0
Kasserine,2020-04-13,2.0,0.0,0.0
Kasserine,2020-04-14,5.0,0.0,0.0
Kasserine,2020-04-15,5.0,0.0,0.0
Kasserine,2020-04-16,5.0,0.0,0.0
Kasserine,2020-04-17,5.0,0.0,0.0
Kasserine,2020-04-18,5.0,0.0,0.0
Kasserine,2020-04-19,5.0,0.0,0.0
Kasserine,2020-04-20,5.0,0.0,0.0
Kasserine,2020-04-21,5.0,0.0,0.0
Kasserine,2020-04-22,5.0,0.0,0.0
Kasserine,2020-04-23,6.0,0.0,0.0
Kasserine,2020-04-24,7.0,0.0,0.0
Kasserine,2020-04-25,7.0,0.0,0.0
Kasserine,2020-04-26,9.0,0.0,0.0
Kasserine,2020-04-27,9.0,0.0,0.0
Kasserine,2020-04-28,9.0,0.0,0.0
Kasserine,2020-04-29,9.0,0.0,0.0
Kasserine,2020-04-30,9.0,0.0,0.0
Kasserine,2020-05-01,9.0,0.0,0.0
Kasserine,2020-05-02,9.0,0.0,0.0
Kasserine,2020-05-03,9.0,3.0,0.0
Kasserine,2020-05-04,9.0,9.0,0.0
Kasserine,2020-05-05,8.0,8.0,0.0
Kasserine,2020-05-06,8.0,8.0,0.0
Kasserine,2020-05-07,8.0,8.0,0.0
Kasserine,2020-05-08,8.0,8.0,0.0
Kasserine,2020-05-09,8.0,8.0,0.0
Kasserine,2020-05-10,8.0,8.0,0.0
Kasserine,2020-05-11,8.0,8.0,0.0
Kasserine,2020-05-12,8.0,8.0,0.0
Kasserine,2020-05-13,8.0,8.0,0.0
Kasserine,2020-05-14,8.0,8.0,0.0
Kebili,2020-03-02,0.0,0.0,0.0
Kebili,2020-03-03,0.0,0.0,0.0
Kebili,2020-03-04,0.0,0.0,0.0
Kebili,2020-03-05,0.0,0.0,0.0
Kebili,2020-03-06,0.0,0.0,0.0
Kebili,2020-03-07,0.0,0.0,0.0
Kebili,2020-03-08,0.0,0.0,0.0
Kebili,2020-03-09,0.0,0.0,0.0
Kebili,2020-03-10,0.0,0.0,0.0
Kebili,2020-03-11,0.0,0.0,0.0
Kebili,2020-03-12,0.0,0.0,0.0
Kebili,2020-03-13,0.0,0.0,0.0
Kebili,2020-03-14,0.0,0.0,0.0
Kebili,2020-03-15,0.0,0.0,0.0
Kebili,2020-03-16,0.0,0.0,0.0
Kebili,2020-03-17,0.0,0.0,0.0
Kebili,2020-03-18,0.0,0.0,0.0
Kebili,2020-03-19,0.0,0.0,0.0
Kebili,2020-03-20,0.0,0.0,0.0
Kebili,2020-03-21,1.0,0.0,0.0
Kebili,2020-03-22,1.0,0.0,0.0
Kebili,2020-03-23,5.0,0.0,0.0
Kebili,2020-03-24,5.0,0.0,0.0
Kebili,2020-03-25,11.0,0.0,0.0
Kebili,2020-03-26,11.0,0.0,0.0
Kebili,2020-03-27,15.0,0.0,0.0
Kebili,2020-03-28,15.0,0.0,0.0
Kebili,2020-03-29,15.0,0.0,0.0
Kebili,2020-03-30,16.0,0.0,0.0
Kebili,2020-03-31,16.0,0.0,0.0
Kebili,2020-04-01,28.0,0.0,0.0
Kebili,2020-04-02,30.0,0.0,0.0
Kebili,2020-04-03,30.0,0.0,0.0
Kebili,2020-04-04,31.0,0.0,0.0
Kebili,2020-04-05,37.0,0.0,0.0
Kebili,2020-04-06,39.0,0.0,0.0
Kebili,2020-04-07,39.0,0.0,0.0
Kebili,2020-04-08,39.0,0.0,0.0
Kebili,2020-04-09,40.0,0.0,0.0
Kebili,2020-04-10,41.0,0.0,0.0
Kebili,2020-04-11,40.0,0.0,0.0
Kebili,2020-04-12,42.0,0.0,0.0
Kebili,2020-04-13,45.0,0.0,0.0
Kebili,2020-04-14,51.0,0.0,0.0
Kebili,2020-04-15,59.0,0.0,0.0
Kebili,2020-04-16,76.0,0.0,0.0
Kebili,2020-04-17,76.0,0.0,0.0
Kebili,2020-04-18,83.0,0.0,0.0
Kebili,2020-04-19,83.0,0.0,0.0
Kebili,2020-04-20,85.0,0.0,0.0
Kebili,2020-04-21,85.0,0.0,0.0
Kebili,2020-04-22,86.0,0.0,0.0
Kebili,2020-04-23,86.0,0.0,0.0
Kebili,2020-04-24,94.0,0.0,0.0
Kebili,2020-04-25,96.0,0.0,0.0
Kebili,2020-04-26,98.0,0.0,0.0
Kebili,2020-04-27,99.0,0.0,0.0
Kebili,2020-04-28,99.0,0.0,0.0
Kebili,2020-04-29,99.0,0.0,0.0
Kebili,2020-04-30,99.0,0.0,0.0
Kebili,2020-05-01,100.0,0.0,0.0
Kebili,2020-05-02,104.0,0.0,0.0
Kebili,2020-05-03,104.0,7.0,0.0
Kebili,2020-05-04,105.0,17.0,0.0
Kebili,2020-05-05,106.0,36.0,0.0
Kebili,2020-05-06,106.0,37.0,0.0
Kebili,2020-05-07,106.0,37.0,0.0
Kebili,2020-05-08,106.0,38.0,0.0
Kebili,2020-05-09,106.0,46.0,0.0
Kebili,2020-05-10,106.0,50.0,0.0
Kebili,2020-05-11,106.0,53.0,0.0
Kebili,2020-05-12,106.0,55.0,0.0
Kebili,2020-05-13,106.0,56.0,0.0
Kebili,2020-05-14,106.0,62.0,0.0
Le Kef,2020-03-02,0.0,0.0,0.0
Le Kef,2020-03-03,0.0,0.0,0.0
Le Kef,2020-03-04,0.0,0.0,0.0
Le Kef,2020-03-05,0.0,0.0,0.0
Le Kef,2020-03-06,0.0,0.0,0.0
Le Kef,2020-03-07,0.0,0.0,0.0
Le Kef,2020-03-08,0.0,0.0,0.0
Le Kef,2020-03-09,0.0,0.0,0.0
Le Kef,2020-03-10,0.0,0.0,0.0
Le Kef,2020-03-11,0.0,0.0,0.0
Le Kef,2020-03-12,0.0,0.0,0.0
Le Kef,2020-03-13,0.0,0.0,0.0
Le Kef,2020-03-14,0.0,0.0,0.0
Le Kef,2020-03-15,0.0,0.0,0.0
Le Kef,2020-03-16,0.0,0.0,0.0
Le Kef,2020-03-17,0.0,0.0,0.0
Le Kef,2020-03-18,0.0,0.0,0.0
Le Kef,2020-03-19,0.0,0.0,0.0
Le Kef,2020-03-20,0.0,0.0,0.0
Le Kef,2020-03-21,0.0,0.0,0.0
Le Kef,2020-03-22,0.0,0.0,0.0
Le Kef,2020-03-23,0.0,0.0,0.0
Le Kef,2020-03-24,1.0,0.0,1.0
Le Kef,2020-03-25,1.0,0.0,1.0
Le Kef,2020-03-26,2.0,0.0,1.0
Le Kef,2020-03-27,6.0,0.0,1.0
Le Kef,2020-03-28,6.0,0.0,1.0
Le Kef,2020-03-29,6.0,0.0,1.0
Le Kef,2020-03-30,6.0,0.0,1.0
Le Kef,2020-03-31,5.0,0.0,1.0
Le Kef,2020-04-01,5.0,0.0,1.0
Le Kef,2020-04-02,5.0,0.0,1.0
Le Kef,2020-04-03,5.0,0.0,1.0
Le Kef,2020-04-04,5.0,0.0,1.0
Le Kef,2020-04-05,5.0,0.0,1.0
Le Kef,2020-04-06,5.0,0.0,1.0
Le Kef,2020-04-07,5.0,0.0,1.0
Le Kef,2020-04-08,5.0,0.0,1.0
Le Kef,2020-04-09,5.0,0.0,1.0
Le Kef,2020-04-10,5.0,0.0,1.0
Le Kef,2020-04-11,5.0,0.0,1.0
Le Kef,2020-04-12,5.0,0.0,1.0
Le Kef,2020-04-13,5.0,0.0,1.0
Le Kef,2020-04-14,5.0,0.0,1.0
Le Kef,2020-04-15,5.0,0.0,1.0
Le Kef,2020-04-16,5.0,0.0,1.0
Le Kef,2020-04-17,5.0,0.0,1.0
Le Kef,2020-04-18,5.0,0.0,1.0
Le Kef,2020-04-19,5.0,0.0,1.0
Le Kef,2020-04-20,5.0,0.0,1.0
Le Kef,2020-04-21,5.0,0.0,1.0
Le Kef,2020-04-22,5.0,0.0,1.0
Le Kef,2020-04-23,5.0,0.0,1.0
Le Kef,2020-04-24,5.0,0.0,1.0
Le Kef,2020-04-25,5.0,0.0,1.0
Le Kef,2020-04-26,6.0,0.0,1.0
Le Kef,2020-04-27,6.0,0.0,1.0
Le Kef,2020-04-28,6.0,0.0,1.0
Le Kef,2020-04-29,7.0,0.0,1.0
Le Kef,2020-04-30,7.0,0.0,1.0
Le Kef,2020-05-01,7.0,0.0,1.0
Le Kef,2020-05-02,7.0,0.0,1.0
Le Kef,2020-05-03,7.0,4.0,1.0
Le Kef,2020-05-04,7.0,4.0,1.0
Le Kef,2020-05-05,8.0,4.0,1.0
Le Kef,2020-05-06,8.0,4.0,1.0
Le Kef,2020-05-07,8.0,4.0,1.0
Le Kef,2020-05-08,8.0,4.0,1.0
Le Kef,2020-05-09,8.0,4.0,1.0
Le Kef,2020-05-10,8.0,4.0,1.0
Le Kef,2020-05-11,8.0,4.0,1.0
Le Kef,2020-05-12,8.0,4.0,1.0
Le Kef,2020-05-13,8.0,4.0,1.0
Le Kef,2020-05-14,8.0,6.0,1.0
Mahdia,2020-03-02,0.0,0.0,0.0
Mahdia,2020-03-03,0.0,0.0,0.0
Mahdia,2020-03-04,0.0,0.0,0.0
Mahdia,2020-03-05,0.0,0.0,0.0
Mahdia,2020-03-06,0.0,0.0,0.0
Mahdia,2020-03-07,0.0,0.0,0.0
Mahdia,2020-03-08,1.0,0.0,0.0
Mahdia,2020-03-09,2.0,1.0,0.0
Mahdia,2020-03-10,3.0,1.0,0.0
Mahdia,2020-03-11,3.0,1.0,0.0
Mahdia,2020-03-12,3.0,1.0,0.0
Mahdia,2020-03-13,3.0,1.0,0.0
Mahdia,2020-03-14,3.0,1.0,0.0
Mahdia,2020-03-15,3.0,1.0,0.0
Mahdia,2020-03-16,3.0,1.0,0.0
Mahdia,2020-03-17,3.0,1.0,0.0
Mahdia,2020-03-18,3.0,1.0,0.0
Mahdia,2020-03-19,3.0,1.0,0.0
Mahdia,2020-03-20,3.0,1.0,0.0
Mahdia,2020-03-21,3.0,1.0,0.0
Mahdia,2020-03-22,3.0,1.0,0.0
Mahdia,2020-03-23,3.0,1.0,0.0
Mahdia,2020-03-24,3.0,1.0,0.0
Mahdia,2020-03-25,4.0,1.0,1.0
Mahdia,2020-03-26,4.0,1.0,1.0
Mahdia,2020-03-27,5.0,1.0,1.0
Mahdia,2020-03-28,5.0,1.0,1.0
Mahdia,2020-03-29,7.0,1.0,1.0
Mahdia,2020-03-30,7.0,1.0,1.0
Mahdia,2020-03-31,8.0,1.0,1.0
Mahdia,2020-04-01,8.0,1.0,1.0
Mahdia,2020-04-02,9.0,1.0,1.0
Mahdia,2020-04-03,10.0,1.0,1.0
Mahdia,2020-04-04,11.0,1.0,1.0
Mahdia,2020-04-05,11.0,1.0,1.0
Mahdia,2020-04-06,11.0,1.0,1.0
Mahdia,2020-04-07,11.0,1.0,1.0
Mahdia,2020-04-08,12.0,1.0,1.0
Mahdia,2020-04-09,12.0,1.0,1.0
Mahdia,2020-04-10,12.0,1.0,1.0
Mahdia,2020-04-11,12.0,1.0,1.0
Mahdia,2020-04-12,12.0,1.0,1.0
Mahdia,2020-04-13,12.0,1.0,1.0
Mahdia,2020-04-14,12.0,1.0,1.0
Mahdia,2020-04-15,13.0,1.0,1.0
Mahdia,2020-04-16,13.0,1.0,1.0
Mahdia,2020-04-17,13.0,1.0,1.0
Mahdia,2020-04-18,13.0,1.0,1.0
Mahdia,2020-04-19,15.0,1.0,1.0
Mahdia,2020-04-20,15.0,1.0,1.0
Mahdia,2020-04-21,16.0,1.0,1.0
Mahdia,2020-04-22,15.0,1.0,1.0
Mahdia,2020-04-23,15.0,1.0,1.0
Mahdia,2020-04-24,15.0,1.0,1.0
Mahdia,2020-04-25,15.0,1.0,1.0
Mahdia,2020-04-26,16.0,1.0,1.0
Mahdia,2020-04-27,16.0,1.0,1.0
Mahdia,2020-04-28,16.0,1.0,1.0
Mahdia,2020-04-29,16.0,1.0,1.0
Mahdia,2020-04-30,16.0,1.0,1.0
Mahdia,2020-05-01,16.0,1.0,1.0
Mahdia,2020-05-02,16.0,1.0,1.0
Mahdia,2020-05-03,16.0,6.0,1.0
Mahdia,2020-05-04,16.0,7.0,1.0
Mahdia,2020-05-05,17.0,12.0,1.0
Mahdia,2020-05-06,17.0,12.0,1.0
Mahdia,2020-05-07,17.0,12.0,1.0
Mahdia,2020-05-08,17.0,12.0,1.0
Mahdia,2020-05-09,17.0,13.0,1.0
Mahdia,2020-05-10,17.0,14.0,1.0
Mahdia,2020-05-11,17.0,14.0,1.0
Mahdia,2020-05-12,17.0,15.0,1.0
Mahdia,2020-05-13,17.0,15.0,1.0
Mahdia,2020-05-14,17.0,15.0,1.0
Manouba,2020-03-02,0.0,0.0,0.0
Manouba,2020-03-03,0.0,0.0,0.0
Manouba,2020-03-04,0.0,0.0,0.0
Manouba,2020-03-05,0.0,0.0,0.0
Manouba,2020-03-06,0.0,0.0,0.0
Manouba,2020-03-07,0.0,0.0,0.0
Manouba,2020-03-08,0.0,0.0,0.0
Manouba,2020-03-09,0.0,0.0,0.0
Manouba,2020-03-10,0.0,0.0,0.0
Manouba,2020-03-11,0.0,0.0,0.0
Manouba,2020-03-12,0.0,0.0,0.0
Manouba,2020-03-13,0.0,0.0,0.0
Manouba,2020-03-14,0.0,0.0,0.0
Manouba,2020-03-15,0.0,0.0,0.0
Manouba,2020-03-16,0.0,0.0,0.0
Manouba,2020-03-17,0.0,0.0,0.0
Manouba,2020-03-18,0.0,0.0,0.0
Manouba,2020-03-19,0.0,0.0,0.0
Manouba,2020-03-20,0.0,0.0,0.0
Manouba,2020-03-21,0.0,0.0,0.0
Manouba,2020-03-22,1.0,0.0,0.0
Manouba,2020-03-23,1.0,0.0,0.0
Manouba,2020-03-24,3.0,0.0,0.0
Manouba,2020-03-25,3.0,0.0,0.0
Manouba,2020-03-26,3.0,0.0,0.0
Manouba,2020-03-27,6.0,0.0,0.0
Manouba,2020-03-28,8.0,0.0,0.0
Manouba,2020-03-29,8.0,0.0,0.0
Manouba,2020-03-30,7.0,0.0,0.0
Manouba,2020-03-31,8.0,0.0,0.0
Manouba,2020-04-01,10.0,0.0,1.0
Manouba,2020-04-02,10.0,0.0,1.0
Manouba,2020-04-03,16.0,0.0,1.0
Manouba,2020-04-04,16.0,0.0,1.0
Manouba,2020-04-05,20.0,0.0,1.0
Manouba,2020-04-06,31.0,0.0,1.0
Manouba,2020-04-07,32.0,0.0,1.0
Manouba,2020-04-08,32.0,0.0,1.0
Manouba,2020-04-09,32.0,0.0,1.0
Manouba,2020-04-10,34.0,0.0,4.0
Manouba,2020-04-11,35.0,0.0,4.0
Manouba,2020-04-12,35.0,0.0,4.0
Manouba,2020-04-13,35.0,0.0,4.0
Manouba,2020-04-14,36.0,0.0,4.0
Manouba,2020-04-15,36.0,0.0,5.0
Manouba,2020-04-16,37.0,0.0,5.0
Manouba,2020-04-17,37.0,0.0,5.0
Manouba,2020-04-18,38.0,0.0,5.0
Manouba,2020-04-19,38.0,0.0,5.0
Manouba,2020-04-20,38.0,0.0,5.0
Manouba,2020-04-21,39.0,0.0,5.0
Manouba,2020-04-22,39.0,0.0,5.0
Manouba,2020-04-23,39.0,0.0,5.0
Manouba,2020-04-24,39.0,0.0,5.0
Manouba,2020-04-25,39.0,0.0,5.0
Manouba,2020-04-26,39.0,0.0,5.0
Manouba,2020-04-27,39.0,0.0,5.0
Manouba,2020-04-28,39.0,0.0,5.0
Manouba,2020-04-29,39.0,0.0,5.0
Manouba,2020-04-30,40.0,0.0,5.0
Manouba,2020-05-01,41.0,0.0,5.0
Manouba,2020-05-02,41.0,0.0,5.0
Manouba,2020-05-03,41.0,7.0,5.0
Manouba,2020-05-04,41.0,7.0,5.0
Manouba,2020-05-05,40.0,16.0,5.0
Manouba,2020-05-06,40.0,16.0,5.0
Manouba,2020-05-07,40.0,16.0,5.0
Manouba,2020-05-08,40.0,16.0,5.0
Manouba,2020-05-09,40.0,20.0,5.0
Manouba,2020-05-10,40.0,20.0,5.0
Manouba,2020-05-11,40.0,22.0,5.0
Manouba,2020-05-12,40.0,23.0,5.0
Manouba,2020-05-13,40.0,24.0,5.0
Manouba,2020-05-14,40.0,26.0,5.0
Medenine,2020-03-02,0.0,0.0,0.0
Medenine,2020-03-03,0.0,0.0,0.0
Medenine,2020-03-04,0.0,0.0,0.0
Medenine,2020-03-05,0.0,0.0,0.0
Medenine,2020-03-06,0.0,0.0,0.0
Medenine,2020-03-07,0.0,0.0,0.0
Medenine,2020-03-08,0.0,0.0,0.0
Medenine,2020-03-09,0.0,0.0,0.0
Medenine,2020-03-10,0.0,0.0,0.0
Medenine,2020-03-11,0.0,0.0,0.0
Medenine,2020-03-12,0.0,0.0,0.0
Medenine,2020-03-13,0.0,0.0,0.0
Medenine,2020-03-14,0.0,0.0,0.0
Medenine,2020-03-15,0.0,0.0,0.0
Medenine,2020-03-16,0.0,0.0,0.0
Medenine,2020-03-17,0.0,0.0,0.0
Medenine,2020-03-18,1.0,0.0,0.0
Medenine,2020-03-19,1.0,0.0,0.0
Medenine,2020-03-20,3.0,0.0,0.0
Medenine,2020-03-21,3.0,0.0,0.0
Medenine,2020-03-22,5.0,0.0,0.0
Medenine,2020-03-23,6.0,0.0,0.0
Medenine,2020-03-24,12.0,0.0,0.0
Medenine,2020-03-25,14.0,0.0,0.0
Medenine,2020-03-26,14.0,0.0,0.0
Medenine,2020-03-27,19.0,0.0,0.0
Medenine,2020-03-28,19.0,0.0,1.0
Medenine,2020-03-29,35.0,0.0,1.0
Medenine,2020-03-30,43.0,0.0,1.0
Medenine,2020-03-31,46.0,0.0,1.0
Medenine,2020-04-01,51.0,0.0,2.0
Medenine,2020-04-02,57.0,0.0,3.0
Medenine,2020-04-03,58.0,0.0,3.0
Medenine,2020-04-04,62.0,0.0,3.0
Medenine,2020-04-05,62.0,0.0,3.0
Medenine,2020-04-06,62.0,0.0,3.0
Medenine,2020-04-07,62.0,0.0,3.0
Medenine,2020-04-08,62.0,0.0,3.0
Medenine,2020-04-09,62.0,0.0,3.0
Medenine,2020-04-10,63.0,0.0,3.0
Medenine,2020-04-11,65.0,0.0,3.0
Medenine,2020-04-12,66.0,0.0,4.0
Medenine,2020-04-13,70.0,0.0,4.0
Medenine,2020-04-14,70.0,0.0,4.0
Medenine,2020-04-15,81.0,0.0,4.0
Medenine,2020-04-16,84.0,0.0,4.0
Medenine,2020-04-17,84.0,0.0,4.0
Medenine,2020-04-18,84.0,0.0,4.0
Medenine,2020-04-19,85.0,0.0,4.0
Medenine,2020-04-20,85.0,0.0,4.0
Medenine,2020-04-21,85.0,0.0,4.0
Medenine,2020-04-22,85.0,0.0,4.0
Medenine,2020-04-23,85.0,0.0,4.0
Medenine,2020-04-24,86.0,0.0,4.0
Medenine,2020-04-25,87.0,0.0,4.0
Medenine,2020-04-26,87.0,0.0,4.0
Medenine,2020-04-27,87.0,0.0,4.0
Medenine,2020-04-28,87.0,0.0,4.0
Medenine,2020-04-29,87.0,0.0,4.0
Medenine,2020-04-30,88.0,0.0,4.0
Medenine,2020-05-01,88.0,0.0,4.0
Medenine,2020-05-02,88.0,0.0,4.0
Medenine,2020-05-03,88.0,45.0,4.0
Medenine,2020-05-04,88.0,45.0,4.0
Medenine,2020-05-05,90.0,51.0,4.0
Medenine,2020-05-06,90.0,55.0,4.0
Medenine,2020-05-07,90.0,55.0,5.0
Medenine,2020-05-08,90.0,55.0,5.0
Medenine,2020-05-09,90.0,59.0,5.0
Medenine,2020-05-10,90.0,63.0,5.0
Medenine,2020-05-11,90.0,64.0,5.0
Medenine,2020-05-12,90.0,69.0,5.0
Medenine,2020-05-13,90.0,71.0,5.0
Medenine,2020-05-14,90.0,71.0,5.0
Monastir,2020-03-02,0.0,0.0,0.0
Monastir,2020-03-03,0.0,0.0,0.0
Monastir,2020-03-04,0.0,0.0,0.0
Monastir,2020-03-05,0.0,0.0,0.0
Monastir,2020-03-06,0.0,0.0,0.0
Monastir,2020-03-07,0.0,0.0,0.0
Monastir,2020-03-08,0.0,0.0,0.0
Monastir,2020-03-09,0.0,0.0,0.0
Monastir,2020-03-10,0.0,0.0,0.0
Monastir,2020-03-11,0.0,0.0,0.0
Monastir,2020-03-12,0.0,0.0,0.0
Monastir,2020-03-13,0.0,0.0,0.0
Monastir,2020-03-14,0.0,0.0,0.0
Monastir,2020-03-15,0.0,0.0,0.0
Monastir,2020-03-16,1.0,0.0,0.0
Monastir,2020-03-17,1.0,0.0,0.0
Monastir,2020-03-18,1.0,0.0,0.0
Monastir,2020-03-19,3.0,0.0,0.0
Monastir,2020-03-20,3.0,0.0,0.0
Monastir,2020-03-21,5.0,0.0,0.0
Monastir,2020-03-22,5.0,0.0,0.0
Monastir,2020-03-23,7.0,0.0,0.0
Monastir,2020-03-24,13.0,0.0,0.0
Monastir,2020-03-25,14.0,0.0,0.0
Monastir,2020-03-26,17.0,0.0,0.0
Monastir,2020-03-27,22.0,0.0,0.0
Monastir,2020-03-28,25.0,0.0,0.0
Monastir,2020-03-29,26.0,0.0,0.0
Monastir,2020-03-30,26.0,0.0,0.0
Monastir,2020-03-31,26.0,0.0,0.0
Monastir,2020-04-01,26.0,0.0,0.0
Monastir,2020-04-02,27.0,0.0,0.0
Monastir,2020-04-03,27.0,0.0,0.0
Monastir,2020-04-04,27.0,0.0,0.0
Monastir,2020-04-05,26.0,0.0,0.0
Monastir,2020-04-06,26.0,0.0,0.0
Monastir,2020-04-07,26.0,0.0,0.0
Monastir,2020-04-08,30.0,0.0,0.0
Monastir,2020-04-09,34.0,0.0,0.0
Monastir,2020-04-10,34.0,0.0,0.0
Monastir,2020-04-11,35.0,0.0,0.0
Monastir,2020-04-12,35.0,0.0,0.0
Monastir,2020-04-13,35.0,0.0,0.0
Monastir,2020-04-14,36.0,0.0,0.0
Monastir,2020-04-15,36.0,0.0,0.0
Monastir,2020-04-16,36.0,0.0,0.0
Monastir,2020-04-17,36.0,0.0,0.0
Monastir,2020-04-18,38.0,0.0,0.0
Monastir,2020-04-19,37.0,0.0,0.0
Monastir,2020-04-20,37.0,0.0,0.0
Monastir,2020-04-21,37.0,0.0,0.0
Monastir,2020-04-22,37.0,0.0,0.0
Monastir,2020-04-23,37.0,0.0,0.0
Monastir,2020-04-24,37.0,0.0,0.0
Monastir,2020-04-25,37.0,0.0,0.0
Monastir,2020-04-26,37.0,0.0,0.0
Monastir,2020-04-27,37.0,0.0,0.0
Monastir,2020-04-28,37.0,0.0,0.0
Monastir,2020-04-29,37.0,0.0,0.0
Monastir,2020-04-30,37.0,0.0,0.0
Monastir,2020-05-01,38.0,0.0,0.0
Monastir,2020-05-02,38.0,0.0,0.0
Monastir,2020-05-03,39.0,21.0,0.0
Monastir,2020-05-04,39.0,31.0,0.0
Monastir,2020-05-05,39.0,31.0,0.0
Monastir,2020-05-06,40.0,31.0,0.0
Monastir,2020-05-07,40.0,34.0,0.0
Monastir,2020-05-08,40.0,34.0,0.0
Monastir,2020-05-09,40.0,36.0,0.0
Monastir,2020-05-10,40.0,36.0,0.0
Monastir,2020-05-11,40.0,37.0,0.0
Monastir,2020-05-12,40.0,37.0,0.0
Monastir,2020-05-13,40.0,37.0,0.0
Monastir,2020-05-14,40.0,38.0,0.0
Nabeul,2020-03-02,0.0,0.0,0.0
Nabeul,2020-03-03,0.0,0.0,0.0
Nabeul,2020-03-04,0.0,0.0,0.0
Nabeul,2020-03-05,0.0,0.0,0.0
Nabeul,2020-03-06,0.0,0.0,0.0
Nabeul,2020-03-07,0.0,0.0,0.0
Nabeul,2020-03-08,0.0,0.0,0.0
Nabeul,2020-03-09,0.0,0.0,0.0
Nabeul,2020-03-10,0.0,0.0,0.0
Nabeul,2020-03-11,0.0,0.0,0.0
Nabeul,2020-03-12,0.0,0.0,0.0
Nabeul,2020-03-13,0.0,0.0,0.0
Nabeul,2020-03-14,0.0,0.0,0.0
Nabeul,2020-03-15,0.0,0.0,0.0
Nabeul,2020-03-16,0.0,0.0,0.0
Nabeul,2020-03-17,0.0,0.0,0.0
Nabeul,2020-03-18,1.0,0.0,0.0
Nabeul,2020-03-19,1.0,0.0,0.0
Nabeul,2020-03-20,1.0,0.0,0.0
Nabeul,2020-03-21,1.0,0.0,0.0
Nabeul,2020-03-22,1.0,0.0,0.0
Nabeul,2020-03-23,1.0,0.0,0.0
Nabeul,2020-03-24,2.0,0.0,0.0
Nabeul,2020-03-25,2.0,0.0,0.0
Nabeul,2020-03-26,3.0,0.0,0.0
Nabeul,2020-03-27,6.0,0.0,0.0
Nabeul,2020-03-28,8.0,0.0,0.0
Nabeul,2020-03-29,10.0,0.0,0.0
Nabeul,2020-03-30,10.0,0.0,0.0
Nabeul,2020-03-31,11.0,0.0,0.0
Nabeul,2020-04-01,11.0,0.0,0.0
Nabeul,2020-04-02,11.0,0.0,1.0
Nabeul,2020-04-03,11.0,0.0,1.0
Nabeul,2020-04-04,11.0,0.0,1.0
Nabeul,2020-04-05,11.0,0.0,1.0
Nabeul,2020-04-06,11.0,0.0,1.0
Nabeul,2020-04-07,11.0,0.0,1.0
Nabeul,2020-04-08,12.0,0.0,1.0
Nabeul,2020-04-09,13.0,0.0,1.0
Nabeul,2020-04-10,13.0,0.0,1.0
Nabeul,2020-04-11,12.0,0.0,1.0
Nabeul,2020-04-12,12.0,0.0,1.0
Nabeul,2020-04-13,12.0,0.0,1.0
Nabeul,2020-04-14,12.0,0.0,1.0
Nabeul,2020-04-15,12.0,0.0,1.0
Nabeul,2020-04-16,12.0,0.0,1.0
Nabeul,2020-04-17,12.0,0.0,1.0
Nabeul,2020-04-18,12.0,0.0,1.0
Nabeul,2020-04-19,12.0,0.0,1.0
Nabeul,2020-04-20,12.0,0.0,1.0
Nabeul,2020-04-21,12.0,0.0,1.0
Nabeul,2020-04-22,12.0,0.0,1.0
Nabeul,2020-04-23,12.0,0.0,1.0
Nabeul,2020-04-24,12.0,0.0,1.0
Nabeul,2020-04-25,12.0,0.0,1.0
Nabeul,2020-04-26,12.0,0.0,1.0
Nabeul,2020-04-27,12.0,0.0,1.0
Nabeul,2020-04-28,12.0,0.0,1.0
Nabeul,2020-04-29,13.0,0.0,1.0
Nabeul,2020-04-30,14.0,0.0,1.0
Nabeul,2020-05-01,14.0,0.0,1.0
Nabeul,2020-05-02,14.0,0.0,1.0
Nabeul,2020-05-03,14.0,11.0,1.0
Nabeul,2020-05-04,14.0,11.0,1.0
Nabeul,2020-05-05,14.0,11.0,1.0
Nabeul,2020-05-06,14.0,11.0,1.0
Nabeul,2020-05-07,15.0,11.0,1.0
Nabeul,2020-05-08,15.0,11.0,1.0
Nabeul,2020-05-09,15.0,11.0,1.0
Nabeul,2020-05-10,15.0,11.0,1.0
Nabeul,2020-05-11,15.0,11.0,1.0
Nabeul,2020-05-12,15.0,13.0,1.0
Nabeul,2020-05-13,15.0,13.0,1.0
Nabeul,2020-05-14,15.0,14.0,1.0
Sfax,2020-03-02,0.0,0.0,0.0
Sfax,2020-03-03,0.0,0.0,0.0
Sfax,2020-03-04,0.0,0.0,0.0
Sfax,2020-03-05,0.0,0.0,0.0
Sfax,2020-03-06,0.0,0.0,0.0
Sfax,2020-03-07,0.0,0.0,0.0
Sfax,2020-03-08,0.0,0.0,0.0
Sfax,2020-03-09,0.0,0.0,0.0
Sfax,2020-03-10,0.0,0.0,0.0
Sfax,2020-03-11,0.0,0.0,0.0
Sfax,2020-03-12,0.0,0.0,0.0
Sfax,2020-03-13,0.0,0.0,0.0
Sfax,2020-03-14,0.0,0.0,0.0
Sfax,2020-03-15,0.0,0.0,0.0
Sfax,2020-03-16,0.0,0.0,0.0
Sfax,2020-03-17,1.0,0.0,0.0
Sfax,2020-03-18,1.0,0.0,0.0
Sfax,2020-03-19,1.0,0.0,0.0
Sfax,2020-03-20,1.0,0.0,1.0
Sfax,2020-03-21,4.0,0.0,1.0
Sfax,2020-03-22,4.0,0.0,1.0
Sfax,2020-03-23,5.0,0.0,1.0
Sfax,2020-03-24,7.0,0.0,1.0
Sfax,2020-03-25,11.0,0.0,1.0
Sfax,2020-03-26,11.0,0.0,1.0
Sfax,2020-03-27,11.0,0.0,3.0
Sfax,2020-03-28,11.0,0.0,3.0
Sfax,2020-03-29,14.0,0.0,3.0
Sfax,2020-03-30,19.0,0.0,3.0
Sfax,2020-03-31,20.0,0.0,3.0
Sfax,2020-04-01,20.0,0.0,3.0
Sfax,2020-04-02,22.0,0.0,3.0
Sfax,2020-04-03,29.0,0.0,3.0
Sfax,2020-04-04,29.0,0.0,4.0
Sfax,2020-04-05,29.0,0.0,4.0
Sfax,2020-04-06,29.0,0.0,4.0
Sfax,2020-04-07,29.0,0.0,4.0
Sfax,2020-04-08,30.0,0.0,4.0
Sfax,2020-04-09,31.0,0.0,4.0
Sfax,2020-04-10,31.0,0.0,5.0
Sfax,2020-04-11,31.0,0.0,5.0
Sfax,2020-04-12,31.0,0.0,5.0
Sfax,2020-04-13,31.0,0.0,5.0
Sfax,2020-04-14,31.0,0.0,5.0
Sfax,2020-04-15,31.0,0.0,5.0
Sfax,2020-04-16,31.0,0.0,5.0
Sfax,2020-04-17,32.0,0.0,5.0
Sfax,2020-04-18,32.0,0.0,5.0
Sfax,2020-04-19,34.0,0.0,5.0
Sfax,2020-04-20,36.0,0.0,5.0
Sfax,2020-04-21,36.0,0.0,5.0
Sfax,2020-04-22,36.0,0.0,5.0
Sfax,2020-04-23,36.0,0.0,5.0
Sfax,2020-04-24,36.0,0.0,5.0
Sfax,2020-04-25,36.0,0.0,5.0
Sfax,2020-04-26,36.0,0.0,5.0
Sfax,2020-04-27,36.0,0.0,5.0
Sfax,2020-04-28,36.0,0.0,5.0
Sfax,2020-04-29,36.0,0.0,5.0
Sfax,2020-04-30,36.0,0.0,5.0
Sfax,2020-05-01,36.0,0.0,5.0
Sfax,2020-05-02,36.0,0.0,5.0
Sfax,2020-05-03,36.0,15.0,5.0
Sfax,2020-05-04,36.0,15.0,5.0
Sfax,2020-05-05,36.0,18.0,5.0
Sfax,2020-05-06,36.0,19.0,5.0
Sfax,2020-05-07,36.0,19.0,5.0
Sfax,2020-05-08,36.0,19.0,5.0
Sfax,2020-05-09,36.0,21.0,5.0
Sfax,2020-05-10,36.0,21.0,5.0
Sfax,2020-05-11,36.0,21.0,5.0
Sfax,2020-05-12,36.0,22.0,5.0
Sfax,2020-05-13,36.0,22.0,5.0
Sfax,2020-05-14,36.0,26.0,5.0
Sidi Bouzid,2020-03-02,0.0,0.0,0.0
Sidi Bouzid,2020-03-03,0.0,0.0,0.0
Sidi Bouzid,2020-03-04,0.0,0.0,0.0
Sidi Bouzid,2020-03-05,0.0,0.0,0.0
Sidi Bouzid,2020-03-06,0.0,0.0,0.0
Sidi Bouzid,2020-03-07,0.0,0.0,0.0
Sidi Bouzid,2020-03-08,0.0,0.0,0.0
Sidi Bouzid,2020-03-09,0.0,0.0,0.0
Sidi Bouzid,2020-03-10,0.0,0.0,0.0
Sidi Bouzid,2020-03-11,0.0,0.0,0.0
Sidi Bouzid,2020-03-12,0.0,0.0,0.0
Sidi Bouzid,2020-03-13,0.0,0.0,0.0
Sidi Bouzid,2020-03-14,0.0,0.0,0.0
Sidi Bouzid,2020-03-15,0.0,0.0,0.0
Sidi Bouzid,2020-03-16,0.0,0.0,0.0
Sidi Bouzid,2020-03-17,0.0,0.0,0.0
Sidi Bouzid,2020-03-18,0.0,0.0,0.0
Sidi Bouzid,2020-03-19,0.0,0.0,0.0
Sidi Bouzid,2020-03-20,0.0,0.0,0.0
Sidi Bouzid,2020-03-21,0.0,0.0,0.0
Sidi Bouzid,2020-03-22,0.0,0.0,0.0
Sidi Bouzid,2020-03-23,0.0,0.0,0.0
Sidi Bouzid,2020-03-24,0.0,0.0,0.0
Sidi Bouzid,2020-03-25,0.0,0.0,0.0
Sidi Bouzid,2020-03-26,1.0,0.0,0.0
Sidi Bouzid,2020-03-27,1.0,0.0,0.0
Sidi Bouzid,2020-03-28,3.0,0.0,0.0
Sidi Bouzid,2020-03-29,3.0,0.0,0.0
Sidi Bouzid,2020-03-30,3.0,0.0,0.0
Sidi Bouzid,2020-03-31,3.0,0.0,0.0
Sidi Bouzid,2020-04-01,3.0,0.0,0.0
Sidi Bouzid,2020-04-02,5.0,0.0,0.0
Sidi Bouzid,2020-04-03,5.0,0.0,0.0
Sidi Bouzid,2020-04-04,5.0,0.0,0.0
Sidi Bouzid,2020-04-05,5.0,0.0,0.0
Sidi Bouzid,2020-04-06,5.0,0.0,0.0
Sidi Bouzid,2020-04-07,5.0,0.0,0.0
Sidi Bouzid,2020-04-08,5.0,0.0,0.0
Sidi Bouzid,2020-04-09,5.0,0.0,0.0
Sidi Bouzid,2020-04-10,5.0,0.0,0.0
Sidi Bouzid,2020-04-11,5.0,0.0,0.0
Sidi Bouzid,2020-04-12,5.0,0.0,0.0
Sidi Bouzid,2020-04-13,5.0,0.0,0.0
Sidi Bouzid,2020-04-14,5.0,0.0,0.0
Sidi Bouzid,2020-04-15,5.0,0.0,0.0
Sidi Bouzid,2020-04-16,5.0,0.0,0.0
Sidi Bouzid,2020-04-17,5.0,0.0,0.0
Sidi Bouzid,2020-04-18,5.0,0.0,0.0
Sidi Bouzid,2020-04-19,5.0,0.0,0.0
Sidi Bouzid,2020-04-20,5.0,0.0,0.0
Sidi Bouzid,2020-04-21,5.0,0.0,0.0
Sidi Bouzid,2020-04-22,5.0,0.0,0.0
Sidi Bouzid,2020-04-23,5.0,0.0,0.0
Sidi Bouzid,2020-04-24,5.0,0.0,0.0
Sidi Bouzid,2020-04-25,5.0,0.0,0.0
Sidi Bouzid,2020-04-26,5.0,0.0,0.0
Sidi Bouzid,2020-04-27,5.0,0.0,0.0
Sidi Bouzid,2020-04-28,5.0,0.0,0.0
Sidi Bouzid,2020-04-29,5.0,0.0,1.0
Sidi Bouzid,2020-04-30,5.0,0.0,1.0
Sidi Bouzid,2020-05-01,5.0,0.0,1.0
Sidi Bouzid,2020-05-02,5.0,0.0,1.0
Sidi Bouzid,2020-05-03,5.0,4.0,1.0
Sidi Bouzid,2020-05-04,5.0,4.0,1.0
Sidi Bouzid,2020-05-05,6.0,5.0,1.0
Sidi Bouzid,2020-05-06,6.0,5.0,1.0
Sidi Bouzid,2020-05-07,6.0,5.0,1.0
Sidi Bouzid,2020-05-08,6.0,5.0,1.0
Sidi Bouzid,2020-05-09,6.0,5.0,1.0
Sidi Bouzid,2020-05-10,6.0,5.0,1.0
Sidi Bouzid,2020-05-11,6.0,5.0,1.0
Sidi Bouzid,2020-05-12,6.0,5.0,1.0
Sidi Bouzid,2020-05-13,6.0,5.0,1.0
Sidi Bouzid,2020-05-14,6.0,5.0,1.0
Siliana,2020-03-02,0.0,0.0,0.0
Siliana,2020-03-03,0.0,0.0,0.0
Siliana,2020-03-04,0.0,0.0,0.0
Siliana,2020-03-05,0.0,0.0,0.0
Siliana,2020-03-06,0.0,0.0,0.0
Siliana,2020-03-07,0.0,0.0,0.0
Siliana,2020-03-08,0.0,0.0,0.0
Siliana,2020-03-09,0.0,0.0,0.0
Siliana,2020-03-10,0.0,0.0,0.0
Siliana,2020-03-11,0.0,0.0,0.0
Siliana,2020-03-12,0.0,0.0,0.0
Siliana,2020-03-13,0.0,0.0,0.0
Siliana,2020-03-14,0.0,0.0,0.0
Siliana,2020-03-15,0.0,0.0,0.0
Siliana,2020-03-16,0.0,0.0,0.0
Siliana,2020-03-17,0.0,0.0,0.0
Siliana,2020-03-18,0.0,0.0,0.0
Siliana,2020-03-19,0.0,0.0,0.0
Siliana,2020-03-20,0.0,0.0,0.0
Siliana,2020-03-21,0.0,0.0,0.0
Siliana,2020-03-22,0.0,0.0,0.0
Siliana,2020-03-23,0.0,0.0,0.0
Siliana,2020-03-24,0.0,0.0,0.0
Siliana,2020-03-25,0.0,0.0,0.0
Siliana,2020-03-26,0.0,0.0,0.0
Siliana,2020-03-27,0.0,0.0,0.0
Siliana,2020-03-28,0.0,0.0,0.0
Siliana,2020-03-29,0.0,0.0,0.0
Siliana,2020-03-30,0.0,0.0,0.0
Siliana,2020-03-31,0.0,0.0,0.0
Siliana,2020-04-01,0.0,0.0,0.0
Siliana,2020-04-02,0.0,0.0,0.0
Siliana,2020-04-03,0.0,0.0,0.0
Siliana,2020-04-04,0.0,0.0,0.0
Siliana,2020-04-05,0.0,0.0,0.0
Siliana,2020-04-06,0.0,0.0,0.0
Siliana,2020-04-07,0.0,0.0,0.0
Siliana,2020-04-08,0.0,0.0,0.0
Siliana,2020-04-09,0.0,0.0,0.0
Siliana,2020-04-10,0.0,0.0,0.0
Siliana,2020-04-11,0.0,0.0,0.0
Siliana,2020-04-12,0.0,0.0,0.0
Siliana,2020-04-13,0.0,0.0,0.0
Siliana,2020-04-14,0.0,0.0,0.0
Siliana,2020-04-15,1.0,0.0,0.0
Siliana,2020-04-16,1.0,0.0,0.0
Siliana,2020-04-17,1.0,0.0,0.0
Siliana,2020-04-18,1.0,0.0,0.0
Siliana,2020-04-19,1.0,0.0,0.0
Siliana,2020-04-20,1.0,0.0,0.0
Siliana,2020-04-21,1.0,0.0,0.0
Siliana,2020-04-22,2.0,0.0,0.0
Siliana,2020-04-23,2.0,0.0,0.0
Siliana,2020-04-24,2.0,0.0,0.0
Siliana,2020-04-25,2.0,0.0,0.0
Siliana,2020-04-26,3.0,0.0,0.0
Siliana,2020-04-27,3.0,0.0,0.0
Siliana,2020-04-28,3.0,0.0,0.0
Siliana,2020-04-29,3.0,0.0,0.0
Siliana,2020-04-30,3.0,0.0,0.0
Siliana,2020-05-01,3.0,0.0,0.0
Siliana,2020-05-02,3.0,0.0,0.0
Siliana,2020-05-03,4.0,0.0,0.0
Siliana,2020-05-04,4.0,0.0,0.0
Siliana,2020-05-05,4.0,0.0,0.0
Siliana,2020-05-06,4.0,0.0,0.0
Siliana,2020-05-07,4.0,1.0,0.0
Siliana,2020-05-08,4.0,1.0,0.0
Siliana,2020-05-09,4.0,1.0,0.0
Siliana,2020-05-10,4.0,1.0,0.0
Siliana,2020-05-11,4.0,1.0,0.0
Siliana,2020-05-12,4.0,4.0,0.0
Siliana,2020-05-13,4.0,4.0,0.0
Siliana,2020-05-14,4.0,4.0,0.0
Sousse,2020-03-02,0.0,0.0,0.0
Sousse,2020-03-03,0.0,0.0,0.0
Sousse,2020-03-04,0.0,0.0,0.0
Sousse,2020-03-05,0.0,0.0,0.0
Sousse,2020-03-06,0.0,0.0,0.0
Sousse,2020-03-07,0.0,0.0,0.0
Sousse,2020-03-08,0.0,0.0,0.0
Sousse,2020-03-09,0.0,0.0,0.0
Sousse,2020-03-10,0.0,0.0,0.0
Sousse,2020-03-11,0.0,0.0,0.0
Sousse,2020-03-12,0.0,0.0,0.0
Sousse,2020-03-13,0.0,0.0,0.0
Sousse,2020-03-14,0.0,0.0,0.0
Sousse,2020-03-15,0.0,0.0,0.0
Sousse,2020-03-16,1.0,0.0,0.0
Sousse,2020-03-17,2.0,1.0,0.0
Sousse,2020-03-18,2.0,1.0,1.0
Sousse,2020-03-19,4.0,1.0,1.0
Sousse,2020-03-20,5.0,1.0,1.0
Sousse,2020-03-21,5.0,1.0,1.0
Sousse,2020-03-22,5.0,1.0,1.0
Sousse,2020-03-23,6.0,1.0,1.0
Sousse,2020-03-24,13.0,1.0,1.0
Sousse,2020-03-25,16.0,1.0,1.0
Sousse,2020-03-26,17.0,1.0,1.0
Sousse,2020-03-27,24.0,1.0,1.0
Sousse,2020-03-28,25.0,1.0,1.0
Sousse,2020-03-29,26.0,1.0,1.0
Sousse,2020-03-30,31.0,1.0,1.0
Sousse,2020-03-31,35.0,1.0,1.0
Sousse,2020-04-01,41.0,1.0,1.0
Sousse,2020-04-02,45.0,1.0,1.0
Sousse,2020-04-03,48.0,1.0,1.0
Sousse,2020-04-04,52.0,1.0,3.0
Sousse,2020-04-05,53.0,1.0,3.0
Sousse,2020-04-06,57.0,1.0,4.0
Sousse,2020-04-07,57.0,1.0,4.0
Sousse,2020-04-08,51.0,1.0,4.0
Sousse,2020-04-09,56.0,1.0,4.0
Sousse,2020-04-10,61.0,1.0,4.0
Sousse,2020-04-11,62.0,1.0,4.0
Sousse,2020-04-12,64.0,1.0,5.0
Sousse,2020-04-13,64.0,1.0,5.0
Sousse,2020-04-14,68.0,1.0,5.0
Sousse,2020-04-15,68.0,1.0,5.0
Sousse,2020-04-16,71.0,1.0,5.0
Sousse,2020-04-17,71.0,1.0,5.0
Sousse,2020-04-18,73.0,1.0,5.0
Sousse,2020-04-19,74.0,1.0,5.0
Sousse,2020-04-20,74.0,1.0,5.0
Sousse,2020-04-21,77.0,1.0,5.0
Sousse,2020-04-22,78.0,1.0,5.0
Sousse,2020-04-23,81.0,1.0,5.0
Sousse,2020-04-24,81.0,1.0,5.0
Sousse,2020-04-25,82.0,1.0,5.0
Sousse,2020-04-26,82.0,1.0,5.0
Sousse,2020-04-27,82.0,1.0,5.0
Sousse,2020-04-28,82.0,1.0,5.0
Sousse,2020-04-29,82.0,1.0,5.0
Sousse,2020-04-30,82.0,1.0,5.0
Sousse,2020-05-01,82.0,1.0,5.0
Sousse,2020-05-02,82.0,1.0,5.0
Sousse,2020-05-03,82.0,38.0,6.0
Sousse,2020-05-04,82.0,51.0,6.0
Sousse,2020-05-05,84.0,58.0,6.0
Sousse,2020-05-06,84.0,58.0,7.0
Sousse,2020-05-07,84.0,58.0,7.0
Sousse,2020-05-08,84.0,60.0,7.0
Sousse,2020-05-09,84.0,65.0,7.0
Sousse,2020-05-10,84.0,66.0,7.0
Sousse,2020-05-11,84.0,66.0,7.0
Sousse,2020-05-12,84.0,66.0,7.0
Sousse,2020-05-13,84.0,66.0,7.0
Sousse,2020-05-14,84.0,68.0,7.0
Tataouine,2020-03-02,0.0,0.0,0.0
Tataouine,2020-03-03,0.0,0.0,0.0
Tataouine,2020-03-04,0.0,0.0,0.0
Tataouine,2020-03-05,0.0,0.0,0.0
Tataouine,2020-03-06,0.0,0.0,0.0
Tataouine,2020-03-07,0.0,0.0,0.0
Tataouine,2020-03-08,0.0,0.0,0.0
Tataouine,2020-03-09,0.0,0.0,0.0
Tataouine,2020-03-10,0.0,0.0,0.0
Tataouine,2020-03-11,0.0,0.0,0.0
Tataouine,2020-03-12,0.0,0.0,0.0
Tataouine,2020-03-13,0.0,0.0,0.0
Tataouine,2020-03-14,1.0,0.0,0.0
Tataouine,2020-03-15,1.0,0.0,0.0
Tataouine,2020-03-16,1.0,0.0,0.0
Tataouine,2020-03-17,1.0,0.0,0.0
Tataouine,2020-03-18,1.0,0.0,0.0
Tataouine,2020-03-19,4.0,0.0,0.0
Tataouine,2020-03-20,4.0,0.0,0.0
Tataouine,2020-03-21,5.0,0.0,0.0
Tataouine,2020-03-22,5.0,0.0,0.0
Tataouine,2020-03-23,6.0,0.0,0.0
Tataouine,2020-03-24,6.0,0.0,0.0
Tataouine,2020-03-25,6.0,0.0,0.0
Tataouine,2020-03-26,6.0,0.0,1.0
Tataouine,2020-03-27,6.0,0.0,1.0
Tataouine,2020-03-28,6.0,0.0,1.0
Tataouine,2020-03-29,6.0,0.0,1.0
Tataouine,2020-03-30,7.0,0.0,1.0
Tataouine,2020-03-31,7.0,0.0,1.0
Tataouine,2020-04-01,7.0,0.0,1.0
Tataouine,2020-04-02,9.0,0.0,1.0
Tataouine,2020-04-03,17.0,0.0,1.0
Tataouine,2020-04-04,17.0,0.0,1.0
Tataouine,2020-04-05,17.0,0.0,1.0
Tataouine,2020-04-06,18.0,0.0,1.0
Tataouine,2020-04-07,18.0,0.0,1.0
Tataouine,2020-04-08,18.0,0.0,1.0
Tataouine,2020-04-09,19.0,0.0,1.0
Tataouine,2020-04-10,19.0,0.0,1.0
Tataouine,2020-04-11,20.0,0.0,1.0
Tataouine,2020-04-12,22.0,0.0,1.0
Tataouine,2020-04-13,23.0,0.0,1.0
Tataouine,2020-04-14,25.0,0.0,1.0
Tataouine,2020-04-15,25.0,0.0,1.0
Tataouine,2020-04-16,32.0,0.0,1.0
Tataouine,2020-04-17,32.0,0.0,1.0
Tataouine,2020-04-18,32.0,0.0,1.0
Tataouine,2020-04-19,32.0,0.0,1.0
Tataouine,2020-04-20,32.0,0.0,1.0
Tataouine,2020-04-21,32.0,0.0,1.0
Tataouine,2020-04-22,32.0,0.0,1.0
Tataouine,2020-04-23,32.0,0.0,1.0
Tataouine,2020-04-24,35.0,0.0,1.0
Tataouine,2020-04-25,35.0,0.0,1.0
Tataouine,2020-04-26,35.0,0.0,1.0
Tataouine,2020-04-27,35.0,0.0,1.0
Tataouine,2020-04-28,36.0,0.0,1.0
Tataouine,2020-04-29,36.0,0.0,1.0
Tataouine,2020-04-30,36.0,0.0,1.0
Tataouine,2020-05-01,36.0,0.0,1.0
Tataouine,2020-05-02,36.0,0.0,1.0
Tataouine,2020-05-03,36.0,10.0,1.0
Tataouine,2020-05-04,36.0,18.0,1.0
Tataouine,2020-05-05,36.0,22.0,1.0
Tataouine,2020-05-06,36.0,22.0,1.0
Tataouine,2020-05-07,36.0,22.0,1.0
Tataouine,2020-05-08,36.0,22.0,1.0
Tataouine,2020-05-09,36.0,23.0,1.0
Tataouine,2020-05-10,36.0,26.0,1.0
Tataouine,2020-05-11,36.0,26.0,1.0
Tataouine,2020-05-12,36.0,26.0,1.0
Tataouine,2020-05-13,36.0,26.0,1.0
Tataouine,2020-05-14,36.0,26.0,1.0
Tozeur,2020-03-02,0.0,0.0,0.0
Tozeur,2020-03-03,0.0,0.0,0.0
Tozeur,2020-03-04,0.0,0.0,0.0
Tozeur,2020-03-05,0.0,0.0,0.0
Tozeur,2020-03-06,0.0,0.0,0.0
Tozeur,2020-03-07,0.0,0.0,0.0
Tozeur,2020-03-08,0.0,0.0,0.0
Tozeur,2020-03-09,0.0,0.0,0.0
Tozeur,2020-03-10,0.0,0.0,0.0
Tozeur,2020-03-11,0.0,0.0,0.0
Tozeur,2020-03-12,0.0,0.0,0.0
Tozeur,2020-03-13,0.0,0.0,0.0
Tozeur,2020-03-14,0.0,0.0,0.0
Tozeur,2020-03-15,0.0,0.0,0.0
Tozeur,2020-03-16,0.0,0.0,0.0
Tozeur,2020-03-17,0.0,0.0,0.0
Tozeur,2020-03-18,0.0,0.0,0.0
Tozeur,2020-03-19,0.0,0.0,0.0
Tozeur,2020-03-20,0.0,0.0,0.0
Tozeur,2020-03-21,0.0,0.0,0.0
Tozeur,2020-03-22,0.0,0.0,0.0
Tozeur,2020-03-23,0.0,0.0,0.0
Tozeur,2020-03-24,0.0,0.0,0.0
Tozeur,2020-03-25,0.0,0.0,0.0
Tozeur,2020-03-26,6.0,0.0,0.0
Tozeur,2020-03-27,6.0,0.0,0.0
Tozeur,2020-03-28,6.0,0.0,0.0
Tozeur,2020-03-29,6.0,0.0,0.0
Tozeur,2020-03-30,1.0,0.0,0.0
Tozeur,2020-03-31,1.0,0.0,0.0
Tozeur,2020-04-01,1.0,0.0,0.0
Tozeur,2020-04-02,1.0,0.0,0.0
Tozeur,2020-04-03,1.0,0.0,0.0
Tozeur,2020-04-04,1.0,0.0,0.0
Tozeur,2020-04-05,1.0,0.0,0.0
Tozeur,2020-04-06,1.0,0.0,0.0
Tozeur,2020-04-07,1.0,0.0,0.0
Tozeur,2020-04-08,1.0,0.0,0.0
Tozeur,2020-04-09,1.0,0.0,0.0
Tozeur,2020-04-10,1.0,0.0,0.0
Tozeur,2020-04-11,1.0,0.0,0.0
Tozeur,2020-04-12,2.0,0.0,0.0
Tozeur,2020-04-13,3.0,0.0,0.0
Tozeur,2020-04-14,4.0,0.0,0.0
Tozeur,2020-04-15,4.0,0.0,0.0
Tozeur,2020-04-16,4.0,0.0,0.0
Tozeur,2020-04-17,5.0,0.0,0.0
Tozeur,2020-04-18,5.0,0.0,0.0
Tozeur,2020-04-19,5.0,0.0,0.0
Tozeur,2020-04-20,5.0,0.0,0.0
Tozeur,2020-04-21,5.0,0.0,0.0
Tozeur,2020-04-22,5.0,0.0,0.0
Tozeur,2020-04-23,5.0,0.0,0.0
Tozeur,2020-04-24,5.0,0.0,0.0
Tozeur,2020-04-25,5.0,0.0,0.0
Tozeur,2020-04-26,5.0,0.0,0.0
Tozeur,2020-04-27,5.0,0.0,0.0
Tozeur,2020-04-28,5.0,0.0,0.0
Tozeur,2020-04-29,5.0,0.0,0.0
Tozeur,2020-04-30,5.0,0.0,0.0
Tozeur,2020-05-01,5.0,0.0,0.0
Tozeur,2020-05-02,5.0,0.0,0.0
Tozeur,2020-05-03,5.0,3.0,0.0
Tozeur,2020-05-04,5.0,3.0,0.0
Tozeur,2020-05-05,4.0,2.0,0.0
Tozeur,2020-05-06,4.0,3.0,0.0
Tozeur,2020-05-07,5.0,3.0,0.0
Tozeur,2020-05-08,5.0,5.0,0.0
Tozeur,2020-05-09,5.0,5.0,0.0
Tozeur,2020-05-10,5.0,5.0,0.0
Tozeur,2020-05-11,5.0,5.0,0.0
Tozeur,2020-05-12,5.0,5.0,0.0
Tozeur,2020-05-13,5.0,5.0,0.0
Tozeur,2020-05-14,5.0,5.0,0.0
Tunis,2020-03-02,0.0,0.0,0.0
Tunis,2020-03-03,0.0,0.0,0.0
Tunis,2020-03-04,0.0,0.0,0.0
Tunis,2020-03-05,0.0,0.0,0.0
Tunis,2020-03-06,0.0,0.0,0.0
Tunis,2020-03-07,0.0,0.0,0.0
Tunis,2020-03-08,0.0,0.0,0.0
Tunis,2020-03-09,1.0,0.0,0.0
Tunis,2020-03-10,1.0,0.0,0.0
Tunis,2020-03-11,1.0,0.0,0.0
Tunis,2020-03-12,5.0,0.0,0.0
Tunis,2020-03-13,6.0,0.0,0.0
Tunis,2020-03-14,6.0,0.0,0.0
Tunis,2020-03-15,7.0,0.0,0.0
Tunis,2020-03-16,9.0,0.0,0.0
Tunis,2020-03-17,10.0,0.0,0.0
Tunis,2020-03-18,15.0,0.0,0.0
Tunis,2020-03-19,18.0,0.0,0.0
Tunis,2020-03-20,18.0,0.0,0.0
Tunis,2020-03-21,22.0,0.0,0.0
Tunis,2020-03-22,29.0,0.0,0.0
Tunis,2020-03-23,32.0,0.0,0.0
Tunis,2020-03-24,47.0,0.0,0.0
Tunis,2020-03-25,52.0,0.0,0.0
Tunis,2020-03-26,55.0,0.0,0.0
Tunis,2020-03-27,69.0,0.0,0.0
Tunis,2020-03-28,80.0,0.0,0.0
Tunis,2020-03-29,92.0,0.0,0.0
Tunis,2020-03-30,94.0,0.0,0.0
Tunis,2020-03-31,104.0,0.0,1.0
Tunis,2020-04-01,105.0,0.0,1.0
Tunis,2020-04-02,112.0,0.0,2.0
Tunis,2020-04-03,132.0,0.0,2.0
Tunis,2020-04-04,135.0,0.0,2.0
Tunis,2020-04-05,139.0,0.0,2.0
Tunis,2020-04-06,144.0,0.0,2.0
Tunis,2020-04-07,147.0,0.0,2.0
Tunis,2020-04-08,152.0,0.0,2.0
Tunis,2020-04-09,159.0,0.0,2.0
Tunis,2020-04-10,159.0,18.0,2.0
Tunis,2020-04-11,167.0,18.0,4.0
Tunis,2020-04-12,173.0,18.0,5.0
Tunis,2020-04-13,174.0,18.0,5.0
Tunis,2020-04-14,187.0,18.0,5.0
Tunis,2020-04-15,193.0,18.0,5.0
Tunis,2020-04-16,193.0,18.0,5.0
Tunis,2020-04-17,193.0,18.0,6.0
Tunis,2020-04-18,193.0,18.0,6.0
Tunis,2020-04-19,193.0,145.0,6.0
Tunis,2020-04-20,195.0,165.0,6.0
Tunis,2020-04-21,198.0,165.0,6.0
Tunis,2020-04-22,199.0,165.0,6.0
Tunis,2020-04-23,199.0,165.0,6.0
Tunis,2020-04-24,202.0,178.0,6.0
Tunis,2020-04-25,205.0,187.0,6.0
Tunis,2020-04-26,209.0,250.0,6.0
Tunis,2020-04-27,211.0,250.0,7.0
Tunis,2020-04-28,211.0,250.0,7.0
Tunis,2020-04-29,223.0,265.0,7.0
Tunis,2020-04-30,223.0,276.0,7.0
Tunis,2020-05-01,228.0,283.0,8.0
Tunis,2020-05-02,228.0,288.0,8.0
Tunis,2020-05-03,229.0,125.0,8.0
Tunis,2020-05-04,231.0,127.0,8.0
Tunis,2020-05-05,232.0,127.0,8.0
Tunis,2020-05-06,232.0,127.0,8.0
Tunis,2020-05-07,232.0,147.0,8.0
Tunis,2020-05-08,232.0,161.0,8.0
Tunis,2020-05-09,232.0,169.0,8.0
Tunis,2020-05-10,232.0,174.0,8.0
Tunis,2020-05-11,232.0,176.0,8.0
Tunis,2020-05-12,232.0,177.0,8.0
Tunis,2020-05-13,232.0,182.0,8.0
Tunis,2020-05-14,233.0,186.0,8.0
Zaghouan,2020-03-02,0.0,0.0,0.0
Zaghouan,2020-03-03,0.0,0.0,0.0
Zaghouan,2020-03-04,0.0,0.0,0.0
Zaghouan,2020-03-05,0.0,0.0,0.0
Zaghouan,2020-03-06,0.0,0.0,0.0
Zaghouan,2020-03-07,0.0,0.0,0.0
Zaghouan,2020-03-08,0.0,0.0,0.0
Zaghouan,2020-03-09,0.0,0.0,0.0
Zaghouan,2020-03-10,0.0,0.0,0.0
Zaghouan,2020-03-11,0.0,0.0,0.0
Zaghouan,2020-03-12,0.0,0.0,0.0
Zaghouan,2020-03-13,0.0,0.0,0.0
Zaghouan,2020-03-14,0.0,0.0,0.0
Zaghouan,2020-03-15,0.0,0.0,0.0
Zaghouan,2020-03-16,0.0,0.0,0.0
Zaghouan,2020-03-17,0.0,0.0,0.0
Zaghouan,2020-03-18,0.0,0.0,0.0
Zaghouan,2020-03-19,0.0,0.0,0.0
Zaghouan,2020-03-20,0.0,0.0,0.0
Zaghouan,2020-03-21,0.0,0.0,0.0
Zaghouan,2020-03-22,0.0,0.0,0.0
Zaghouan,2020-03-23,1.0,0.0,0.0
Zaghouan,2020-03-24,2.0,0.0,0.0
Zaghouan,2020-03-25,2.0,0.0,0.0
Zaghouan,2020-03-26,2.0,0.0,0.0
Zaghouan,2020-03-27,2.0,0.0,0.0
Zaghouan,2020-03-28,2.0,0.0,0.0
Zaghouan,2020-03-29,2.0,0.0,0.0
Zaghouan,2020-03-30,2.0,0.0,0.0
Zaghouan,2020-03-31,2.0,0.0,0.0
Zaghouan,2020-04-01,2.0,0.0,0.0
Zaghouan,2020-04-02,2.0,0.0,0.0
Zaghouan,2020-04-03,2.0,0.0,0.0
Zaghouan,2020-04-04,2.0,0.0,0.0
Zaghouan,2020-04-05,2.0,0.0,0.0
Zaghouan,2020-04-06,2.0,0.0,0.0
Zaghouan,2020-04-07,2.0,0.0,0.0
Zaghouan,2020-04-08,3.0,0.0,0.0
Zaghouan,2020-04-09,3.0,0.0,0.0
Zaghouan,2020-04-10,3.0,0.0,0.0
Zaghouan,2020-04-11,3.0,0.0,0.0
Zaghouan,2020-04-12,3.0,0.0,0.0
Zaghouan,2020-04-13,3.0,0.0,0.0
Zaghouan,2020-04-14,3.0,0.0,0.0
Zaghouan,2020-04-15,3.0,0.0,0.0
Zaghouan,2020-04-16,3.0,0.0,0.0
Zaghouan,2020-04-17,3.0,0.0,0.0
Zaghouan,2020-04-18,3.0,0.0,0.0
Zaghouan,2020-04-19,3.0,0.0,0.0
Zaghouan,2020-04-20,3.0,0.0,0.0
Zaghouan,2020-04-21,3.0,0.0,0.0
Zaghouan,2020-04-22,3.0,0.0,0.0
Zaghouan,2020-04-23,3.0,0.0,0.0
Zaghouan,2020-04-24,3.0,0.0,0.0
Zaghouan,2020-04-25,3.0,0.0,0.0
Zaghouan,2020-04-26,3.0,0.0,0.0
Zaghouan,2020-04-27,3.0,0.0,0.0
Zaghouan,2020-04-28,3.0,15.0,0.0
Zaghouan,2020-04-29,3.0,15.0,0.0
Zaghouan,2020-04-30,3.0,15.0,0.0
Zaghouan,2020-05-01,3.0,15.0,0.0
Zaghouan,2020-05-02,3.0,15.0,0.0
Zaghouan,2020-05-03,3.0,3.0,0.0
Zaghouan,2020-05-04,3.0,3.0,0.0
Zaghouan,2020-05-05,3.0,3.0,0.0
Zaghouan,2020-05-06,3.0,3.0,0.0
Zaghouan,2020-05-07,3.0,3.0,0.0
Zaghouan,2020-05-08,3.0,3.0,0.0
Zaghouan,2020-05-09,3.0,3.0,0.0
Zaghouan,2020-05-10,3.0,3.0,0.0
Zaghouan,2020-05-11,3.0,3.0,0.0
Zaghouan,2020-05-12,3.0,3.0,0.0
Zaghouan,2020-05-13,3.0,3.0,0.0
Zaghouan,2020-05-14,3.0,3.0,0.0
